page,category,transplant_scope,voice_scope,words_A,words_B,words_C,words_D,words_E,words_F,words_H,words_T,words_R,guards_A,guards_A_per1k,guards_B,guards_C,chapter_refs_A,chapter_refs_A_per1k,chapter_refs_opener,chapter_refs_opener_restored,chapter_refs_max_paragraph,reader_address,reader_address_per1k,imperatives,reader_address_total,reader_address_total_per1k,nominalizations,nominalizations_per1k,verdicts,verdicts_per1k,metaphor_hits,metaphor_hits_per1k,we_count,we_per1k,i_count,okay,okay_exempt,okay_by_class,let_us,let_us_exempt,let_us_by_class,aka,aka_exempt,aka_by_class,exclamation,exclamation_exempt,exclamation_by_class,contractions,contractions_exempt,contractions_by_class,em_dash,em_dash_exempt,em_dash_by_class,note_that,note_that_exempt,note_that_by_class,it_can_be_shown,it_can_be_shown_exempt,it_can_be_shown_by_class,it_is_important,it_is_important_exempt,it_is_important_by_class,one_can,one_can_exempt,one_can_by_class,the_reader,the_reader_exempt,the_reader_by_class,intensifiers,intensifiers_exempt,intensifiers_by_class,simply_just,simply_just_exempt,simply_just_by_class,em_dash_R,phrase_one_caution,phrase_that_is_the_whole,phrase_by_the_end,phrase_you_will_be_able_to,phrase_in_one_sentence,phrase_deliberately,phrase_honest,phrase_is_exactly,phrase_here_is_the,phrase_is_the_whole
index.qmd,preface,0,0,1800,0,1733,0,0,0,242,152,0,3,1.667,0,1,3,1.667,0,0,2,24,13.333,2,26,14.444,86,47.778,0,0.0,8,4.444,5,2.778,0,0,0,,0,0,,0,0,,0,0,,0,0,,0,0,,0,0,,0,0,,0,0,,0,0,,0,0,,0,0,,2,0,A:1 C:1,0,0,0,0,0,0,0,2,0,0,0
chapters/appendices/a1-linear-algebra.qmd,appendix,0,0,1799,164,172,195,140,164,88,80,509,3,1.668,0,1,4,2.223,3,0,3,4,2.223,3,7,3.891,86,47.804,6,3.335,4,2.223,5,2.779,0,1,0,A:1,3,0,A:3,0,0,,0,0,,0,0,,1,0,T:1,0,0,,0,0,,0,0,,0,0,,0,0,,0,0,,0,0,,1,0,0,0,0,0,0,0,0,0,0
chapters/appendices/a2-tensors.qmd,appendix,0,0,1832,11,469,220,61,254,226,89,0,2,1.092,0,1,18,9.825,3,0,5,6,3.275,4,10,5.459,76,41.485,6,3.275,12,6.55,8,4.367,0,1,0,A:1,2,0,A:2,0,0,,0,0,,0,0,,1,0,T:1,0,0,,0,0,,0,0,,0,0,,0,0,,0,0,,1,0,A:1,0,0,0,0,0,0,2,1,1,0,0
chapters/appendices/a3-precision-performance.qmd,appendix,0,0,2675,127,600,278,255,131,327,113,0,7,2.617,1,5,13,4.86,0,0,2,0,0.0,1,1,0.374,150,56.075,9,3.364,11,4.112,7,2.617,0,1,0,A:1,1,0,A:1,0,0,,0,0,,0,0,,1,0,T:1,0,0,,0,0,,0,0,,0,0,,0,0,,0,0,,3,0,A:2 C:1,0,0,0,0,0,0,2,1,0,0,0
chapters/appendices/a4-notation.qmd,appendix,0,0,859,0,89,0,0,0,440,53,0,3,3.492,0,1,1,1.164,1,0,1,0,0.0,1,1,1.164,61,71.013,0,0.0,8,9.313,2,2.328,0,0,0,,0,0,,0,0,,0,0,,0,0,,1,0,T:1,0,0,,0,0,,0,0,,0,0,,0,0,,0,0,,0,0,,0,0,0,0,0,0,1,0,0,0,0
chapters/appendices/a5-statistical-learning.qmd,appendix,0,0,1194,0,85,241,86,0,205,66,0,5,4.188,0,0,3,2.513,1,0,1,1,0.838,1,2,1.675,106,88.777,4,3.35,6,5.025,3,2.513,0,0,0,,0,0,,0,0,,0,0,,0,0,,1,0,T:1,0,0,,0,0,,0,0,,0,0,,0,0,,0,0,,0,0,,0,0,0,0,0,0,0,1,0,0,0
chapters/epilogue.qmd,epilogue,0,0,1711,98,129,0,52,34,0,47,0,5,2.922,1,0,5,2.922,0,0,1,3,1.753,2,5,2.922,117,68.381,2,1.169,14,8.182,14,8.182,0,0,0,,0,0,,0,0,,0,0,,0,0,,0,0,,0,0,,0,0,,0,0,,0,0,,0,0,,0,0,,1,0,A:1,0,0,0,0,0,0,1,1,0,0,0
chapters/interludes/attention-as-test-time-regression.qmd,interlude,1,1,1365,88,147,178,108,144,0,79,0,7,5.128,0,0,8,5.861,1,0,2,0,0.0,1,1,0.733,71,52.015,3,2.198,11,8.059,4,2.93,0,1,0,T:1,0,0,,0,0,,0,0,,0,0,,0,0,,0,0,,0,0,,0,0,,0,0,,0,0,,0,0,,0,0,,0,0,0,0,0,0,0,1,0,1,0
chapters/interludes/learning-by-experiment.qmd,interlude,1,0,2710,136,230,314,86,78,259,120,712,7,2.583,0,0,6,2.214,1,0,2,0,0.0,5,5,1.845,134,49.446,2,0.738,49,18.081,30,11.07,1,1,0,T:1,2,0,A:2,0,0,,0,0,,0,0,,0,0,,0,0,,0,0,,0,0,,0,0,,0,0,,0,0,,0,0,,4,0,0,0,0,0,1,2,0,0,0
chapters/interludes/making-pca-learnable.qmd,interlude,1,1,1511,186,299,158,45,132,44,85,460,5,3.309,2,2,0,0.0,0,0,0,1,0.662,0,1,0.662,69,45.665,8,5.295,18,11.913,8,5.295,0,1,0,T:1,0,0,,0,0,,0,0,,0,0,,0,0,,0,0,,0,0,,0,0,,1,0,A:1,0,0,,0,0,,1,0,C:1,0,0,0,0,0,0,1,0,0,0,0
chapters/part1/01-linear-regression.qmd,chapter,1,1,2558,399,334,284,53,184,342,129,3006,2,0.782,3,2,6,2.346,0,0,2,7,2.737,5,12,4.691,124,48.475,7,2.737,20,7.819,47,18.374,0,1,0,T:1,0,0,,0,0,,0,0,,0,0,,0,0,,0,0,,0,0,,0,0,,0,0,,0,0,,0,0,,3,0,A:2 D:1,9,0,0,0,0,0,2,2,2,1,1
chapters/part1/02-logistic-softmax.qmd,chapter,1,0,922,259,1018,202,97,106,221,89,1999,0,0.0,0,2,7,7.592,1,0,2,4,4.338,5,9,9.761,31,33.623,1,1.085,8,8.677,11,11.931,0,1,0,T:1,0,0,,0,0,,0,0,,0,0,,0,0,,0,0,,0,0,,0,0,,0,0,,0,0,,1,0,A:1,3,0,A:1 C:2,15,0,0,0,0,0,0,0,2,0,0
chapters/part1/03-nonlinearity-mlp.qmd,chapter,1,0,1610,281,426,316,191,166,231,79,2699,2,1.242,0,2,9,5.59,2,0,3,8,4.969,3,11,6.832,64,39.752,2,1.242,9,5.59,6,3.727,0,1,0,T:1,1,0,A:1,0,0,,0,0,,0,0,,0,0,,0,0,,0,0,,0,0,,0,0,,0,0,,0,0,,1,0,A:1,14,0,0,0,0,1,0,2,3,0,0
chapters/part1/04-training-loss-sgd.qmd,chapter,1,0,2504,167,267,279,181,181,179,103,3775,5,1.997,0,2,16,6.39,3,0,3,12,4.792,2,14,5.591,105,41.933,5,1.997,26,10.383,15,5.99,0,1,0,T:1,0,0,,0,0,,0,0,,0,0,,0,1,,0,0,,0,0,,0,0,,0,0,,0,0,,1,0,A:1,0,0,,21,0,0,0,0,2,1,2,1,2,0
chapters/part1/05-backpropagation.qmd,chapter,1,0,2626,397,163,339,164,282,502,64,2584,3,1.142,0,0,6,2.285,2,0,2,11,4.189,2,13,4.95,95,36.177,8,3.046,10,3.808,15,5.712,0,1,0,T:1,1,0,A:1,0,0,,0,0,,0,0,,0,0,,0,0,,0,0,,0,0,,0,0,,0,0,,0,0,,2,0,A:2,6,0,0,1,0,0,0,0,2,2,0
chapters/part1/06-generalization-inductive-bias.qmd,chapter,1,1,2441,215,594,342,125,273,231,118,1656,5,2.048,2,2,11,4.506,0,0,2,4,1.639,4,8,3.277,137,56.125,3,1.229,20,8.193,26,10.651,0,1,0,T:1,0,0,,0,0,,0,0,,0,0,,0,0,,0,0,,0,0,,0,0,,0,0,,0,0,,0,0,,1,0,A:1,6,0,0,0,0,0,0,2,2,0,0
chapters/part2/07-filters-convolution.qmd,chapter,1,0,1216,128,93,184,57,155,88,66,2002,0,0.0,0,0,9,7.401,1,2,1,0,0.0,1,1,0.822,60,49.342,2,1.645,13,10.691,10,8.224,1,1,0,T:1,0,0,,0,0,,0,0,,0,0,,0,0,,0,0,,0,0,,0,0,,0,0,,0,0,,0,0,,1,0,C:1,0,0,0,0,0,0,0,0,1,1,1
chapters/part2/08-cnn.qmd,chapter,1,1,2783,257,521,209,81,247,159,85,1473,5,1.797,0,0,31,11.139,2,0,3,7,2.515,3,10,3.593,102,36.651,6,2.156,28,10.061,29,10.42,3,1,0,T:1,0,0,,0,0,,0,0,,0,0,,0,0,,0,0,,0,0,,0,0,,0,0,,0,0,,0,0,,2,0,A:2,3,0,0,1,0,0,1,2,0,1,1
chapters/part2/09-modern-cnns-transfer.qmd,chapter,1,1,2934,368,572,378,223,434,285,128,0,3,1.022,1,0,15,5.112,2,0,2,11,3.749,7,18,6.135,96,32.72,4,1.363,29,9.884,35,11.929,0,1,0,T:1,0,0,,0,0,,0,0,,0,0,,0,0,,0,0,,0,0,,0,0,,0,0,,0,0,,0,0,,2,0,A:2,0,0,0,0,0,0,1,2,2,2,0
chapters/part3/10-sequences-rnn.qmd,chapter,1,1,3235,431,343,230,155,340,259,92,1774,8,2.473,1,0,21,6.491,1,0,2,16,4.946,7,23,7.11,113,34.93,3,0.927,25,7.728,12,3.709,0,1,0,T:1,0,0,,0,0,,0,0,,0,0,,0,0,,0,0,,0,0,,0,0,,0,0,,0,0,,1,0,A:1,4,0,A:3 H:1,14,0,0,0,0,0,2,2,0,1,0
chapters/part3/11-encoder-decoder.qmd,chapter,1,1,2281,233,274,295,93,213,149,64,729,3,1.315,0,0,12,5.261,2,0,4,7,3.069,3,10,4.384,86,37.703,5,2.192,17,7.453,14,6.138,1,1,0,T:1,0,0,,0,0,,0,0,,0,0,,0,0,,0,0,,0,0,,0,0,,0,0,,0,0,,0,0,,1,0,B:1,0,0,0,0,0,0,1,2,3,0,0
chapters/part4/12-kernel-regression.qmd,chapter,1,0,1431,146,606,319,222,163,171,110,392,2,1.398,1,1,11,7.687,1,0,2,0,0.0,3,3,2.096,74,51.712,9,6.289,1,0.699,15,10.482,0,1,0,T:1,2,0,A:2,0,0,,0,0,,0,0,,0,0,,0,0,,0,0,,0,0,,0,0,,0,0,,0,0,,3,0,A:1 C:2,1,0,0,0,0,0,0,1,1,1,1
chapters/part4/13-attention.qmd,chapter,1,1,2157,312,375,279,75,200,199,99,488,5,2.318,3,3,23,10.663,2,0,2,1,0.464,3,4,1.854,124,57.487,4,1.854,17,7.881,10,4.636,0,1,0,T:1,0,0,,0,0,,0,0,,0,0,,0,0,,0,0,,0,0,,0,0,,0,0,,0,0,,0,0,,1,0,C:1,0,0,0,1,0,0,2,0,0,0,0
chapters/part4/14-self-attention-transformer.qmd,chapter,1,0,2938,221,415,209,143,253,294,111,1035,7,2.383,0,2,23,7.828,3,0,2,0,0.0,1,1,0.34,213,72.498,9,3.063,8,2.723,4,1.361,3,1,0,T:1,0,0,,0,0,,0,0,,0,0,,0,0,,0,0,,0,0,,0,0,,0,0,,0,0,,0,0,,0,0,,0,0,0,0,0,0,2,0,0,1,0
chapters/part4/15-bert-pretraining.qmd,chapter,1,0,3117,336,364,326,173,226,525,104,531,13,4.171,2,0,13,4.171,2,0,3,0,0.0,1,1,0.321,185,59.352,13,4.171,22,7.058,3,0.962,0,1,0,T:1,1,0,A:1,0,0,,0,0,,0,0,,0,0,,0,0,,0,0,,0,0,,0,0,,0,0,,0,0,,0,0,,0,0,0,0,0,0,4,0,0,0,0
chapters/part4/16-vit-scaling.qmd,chapter,1,0,3055,284,298,360,160,253,325,106,530,13,4.255,3,2,9,2.946,2,0,2,0,0.0,2,2,0.655,143,46.809,4,1.309,32,10.475,13,4.255,0,1,0,T:1,2,0,A:2,0,0,,0,0,,0,0,,0,0,,0,0,,0,0,,0,0,,0,0,,0,0,,1,0,C:1,2,0,A:2,0,0,0,0,0,0,1,0,1,0,0
chapters/part5/17-peft-quantization.qmd,chapter,1,1,3315,403,582,257,317,144,346,144,1501,13,3.922,0,1,9,2.715,2,0,2,0,0.0,1,1,0.302,180,54.299,10,3.017,13,3.922,11,3.318,0,1,0,T:1,0,0,,0,0,,0,0,,0,2,,0,0,,0,0,,0,0,,0,0,,0,0,,0,0,,0,0,,2,0,A:1 C:1,8,0,0,0,0,0,2,1,0,0,0
chapters/part5/18-alignment.qmd,chapter,1,0,2936,553,429,224,169,193,339,136,1869,15,5.109,2,1,7,2.384,1,0,3,0,0.0,0,0,0.0,169,57.561,11,3.747,16,5.45,9,3.065,0,1,0,T:1,2,0,A:2,0,0,,0,1,,0,0,,0,0,,0,0,,0,0,,0,0,,0,0,,0,0,,0,0,,1,0,A:1,0,0,0,0,0,0,2,2,0,0,0
chapters/part5/19-generative.qmd,chapter,1,0,2324,474,378,377,161,172,421,96,564,6,2.582,1,0,5,2.151,0,0,2,0,0.0,1,1,0.43,167,71.859,11,4.733,13,5.594,11,4.733,0,1,0,T:1,2,0,A:2,0,0,,0,0,,0,0,,0,0,,0,0,,0,0,,0,0,,0,0,,0,0,,1,0,A:1,0,0,,0,0,0,0,0,0,2,0,0,0,0
chapters/part5/20-multimodal.qmd,chapter,1,0,2140,200,270,374,141,118,169,80,0,0,0.0,0,1,7,3.271,2,0,2,0,0.0,2,2,0.935,113,52.804,4,1.869,14,6.542,13,6.075,0,1,0,T:1,2,0,A:2,0,0,,0,0,,0,0,,0,0,,0,0,,0,0,,0,0,,0,0,,0,0,,0,0,,1,0,A:1,0,0,0,0,0,0,1,0,1,0,0
chapters/parts/p1-lines-to-networks.qmd,part,0,0,100,0,0,0,0,0,0,4,0,0,0.0,0,0,0,0.0,0,0,0,0,0.0,0,0,0.0,3,30.0,0,0.0,1,10.0,1,10.0,0,0,0,,0,0,,0,0,,0,0,,0,0,,0,0,,0,0,,0,0,,0,0,,0,0,,0,0,,0,0,,0,0,,0,0,0,0,0,0,0,0,0,0,0
chapters/parts/p2-vision.qmd,part,0,0,111,0,0,0,0,0,0,4,0,1,9.009,0,0,0,0.0,0,0,0,0,0.0,0,0,0.0,8,72.072,0,0.0,1,9.009,1,9.009,0,0,0,,0,0,,0,0,,0,0,,0,0,,0,0,,0,0,,0,0,,0,0,,0,0,,0,0,,0,0,,0,0,,0,0,0,0,0,0,0,0,0,0,0
chapters/parts/p3-sequences.qmd,part,0,0,96,0,0,0,0,0,0,4,0,0,0.0,0,0,0,0.0,0,0,0,0,0.0,0,0,0.0,4,41.667,0,0.0,1,10.417,1,10.417,0,0,0,,0,0,,0,0,,0,0,,0,0,,0,0,,0,0,,0,0,,0,0,,0,0,,0,0,,0,0,,0,0,,0,0,0,0,0,0,0,0,0,0,0
chapters/parts/p4-attention.qmd,part,0,0,122,0,0,0,0,0,0,4,0,0,0.0,0,0,0,0.0,0,0,0,0,0.0,0,0,0.0,10,81.967,0,0.0,1,8.197,2,16.393,0,0,0,,0,0,,0,0,,0,0,,0,0,,0,0,,0,0,,0,0,,0,0,,0,0,,0,0,,0,0,,0,0,,0,0,0,0,0,0,0,0,0,0,0
chapters/parts/p5-pretrained-era.qmd,part,0,0,130,0,0,0,0,0,0,7,0,2,15.385,0,0,0,0.0,0,0,0,0,0.0,0,0,0.0,7,53.846,0,0.0,2,15.385,2,15.385,0,0,0,,0,0,,0,0,,0,0,,0,0,,0,0,,0,0,,0,0,,0,0,,0,0,,0,0,,0,0,,0,0,,0,0,0,0,0,0,0,0,0,0,0
