page,kind,stem,label,class,before_file,before_bytes,before_sha256,after_file,after_bytes,after_sha256,svg_gzip_bytes,pixel_diff,receipts
chapters/part1/05-backpropagation.qmd,figure-html,fig-chain-graph-output-1,fig-chain-graph,identical,_freeze/chapters/part1/05-backpropagation/figure-html/fig-chain-graph-output-1.png,72172,5f372695cfd9614fd077976ac3295ae5166b01bfd477c428a022f40a7839a956,_freeze/chapters/part1/05-backpropagation/figure-html/fig-chain-graph-output-1.png,72172,5f372695cfd9614fd077976ac3295ae5166b01bfd477c428a022f40a7839a956,,,
chapters/part1/05-backpropagation.qmd,figure-html,fig-delta-pullback-output-1,fig-delta-pullback,identical,_freeze/chapters/part1/05-backpropagation/figure-html/fig-delta-pullback-output-1.png,65379,10dfc4ef111f4478f85f36d7622e7566b5983ab0b519a7960fdd06697e5bdf79,_freeze/chapters/part1/05-backpropagation/figure-html/fig-delta-pullback-output-1.png,65379,10dfc4ef111f4478f85f36d7622e7566b5983ab0b519a7960fdd06697e5bdf79,,,
chapters/part1/05-backpropagation.qmd,figure-html,fig-gates-output-1,fig-gates,identical,_freeze/chapters/part1/05-backpropagation/figure-html/fig-gates-output-1.png,41173,2f3ba1f3f549123d77559f03ea8a91fcdd6d4977e4b145af2d7f23f165745f2a,_freeze/chapters/part1/05-backpropagation/figure-html/fig-gates-output-1.png,41173,2f3ba1f3f549123d77559f03ea8a91fcdd6d4977e4b145af2d7f23f165745f2a,,,
chapters/part1/05-backpropagation.qmd,figure-html,fig-init-output-1,fig-init,identical,_freeze/chapters/part1/05-backpropagation/figure-html/fig-init-output-1.png,63110,8732c5502fb55d85056f9879e800d1b739017f829e7faa13e406c5ce8973a92c,_freeze/chapters/part1/05-backpropagation/figure-html/fig-init-output-1.png,63110,8732c5502fb55d85056f9879e800d1b739017f829e7faa13e406c5ce8973a92c,,,
chapters/part1/05-backpropagation.qmd,figure-html,fig-outer-product-output-1,fig-outer-product,identical,_freeze/chapters/part1/05-backpropagation/figure-html/fig-outer-product-output-1.png,52320,b7b977ae8a2bc60c98777b9c699720d3cf0adf35a6e986c5f6b3c83cb2e8d6e3,_freeze/chapters/part1/05-backpropagation/figure-html/fig-outer-product-output-1.png,52320,b7b977ae8a2bc60c98777b9c699720d3cf0adf35a6e986c5f6b3c83cb2e8d6e3,,,
chapters/part1/05-backpropagation.qmd,figure-html,fig-vanishing-output-1,fig-vanishing,identical,_freeze/chapters/part1/05-backpropagation/figure-html/fig-vanishing-output-1.png,52566,ac8ce660d39cc174e750bce858f666a9defec022da804a67cda75382e3f8f046,_freeze/chapters/part1/05-backpropagation/figure-html/fig-vanishing-output-1.png,52566,ac8ce660d39cc174e750bce858f666a9defec022da804a67cda75382e3f8f046,,,
chapters/part1/05-backpropagation.qmd,figure-pdf,fig-blame-flow-output-1,fig-blame-flow,removed-orphan,_freeze/chapters/part1/05-backpropagation/figure-pdf/fig-blame-flow-output-1.pdf,14674,46d75eb51437e0dca799c1f124fe11e8458254a0207cb748580ed72d1077b53e,,,,,,
chapters/part1/05-backpropagation.qmd,figure-pdf,fig-chain-graph-output-1,fig-chain-graph,identical,_freeze/chapters/part1/05-backpropagation/figure-pdf/fig-chain-graph-output-1.pdf,22205,254bc6e21407c685605ca07106abe2363ff30c678edb201872b708ff45528f84,_freeze/chapters/part1/05-backpropagation/figure-pdf/fig-chain-graph-output-1.pdf,22205,254bc6e21407c685605ca07106abe2363ff30c678edb201872b708ff45528f84,,,
chapters/part1/05-backpropagation.qmd,figure-pdf,fig-delta-pullback-output-1,fig-delta-pullback,identical,_freeze/chapters/part1/05-backpropagation/figure-pdf/fig-delta-pullback-output-1.pdf,21734,545163e338e0acbb4ed0e5bdbadcb2ab8c93eb1f018dfc21e939629f4d0daf76,_freeze/chapters/part1/05-backpropagation/figure-pdf/fig-delta-pullback-output-1.pdf,21734,545163e338e0acbb4ed0e5bdbadcb2ab8c93eb1f018dfc21e939629f4d0daf76,,,
chapters/part1/05-backpropagation.qmd,figure-pdf,fig-gates-output-1,fig-gates,identical,_freeze/chapters/part1/05-backpropagation/figure-pdf/fig-gates-output-1.pdf,17707,573a6ab9f6d9910fba675b0b8110420c6a309efa2c86d690ed39454e6ff23222,_freeze/chapters/part1/05-backpropagation/figure-pdf/fig-gates-output-1.pdf,17707,573a6ab9f6d9910fba675b0b8110420c6a309efa2c86d690ed39454e6ff23222,,,
chapters/part1/05-backpropagation.qmd,figure-pdf,fig-init-output-1,fig-init,identical,_freeze/chapters/part1/05-backpropagation/figure-pdf/fig-init-output-1.pdf,14948,1c6b0b19ee6303b068761dc0cc135fea8d8577efec211a01fe7f10e5b13a7030,_freeze/chapters/part1/05-backpropagation/figure-pdf/fig-init-output-1.pdf,14948,1c6b0b19ee6303b068761dc0cc135fea8d8577efec211a01fe7f10e5b13a7030,,,
chapters/part1/05-backpropagation.qmd,figure-pdf,fig-outer-product-output-1,fig-outer-product,identical,_freeze/chapters/part1/05-backpropagation/figure-pdf/fig-outer-product-output-1.pdf,18792,4e12e87e1ad3284ac8efab252ec07bfaf13313d2239890041f3b46991c460dba,_freeze/chapters/part1/05-backpropagation/figure-pdf/fig-outer-product-output-1.pdf,18792,4e12e87e1ad3284ac8efab252ec07bfaf13313d2239890041f3b46991c460dba,,,
chapters/part1/05-backpropagation.qmd,figure-pdf,fig-vanishing-output-1,fig-vanishing,identical,_freeze/chapters/part1/05-backpropagation/figure-pdf/fig-vanishing-output-1.pdf,19328,140638cbf56a477fca7d892bd8ec481bd08e5c152e666aebde0d87e2f4c4d363,_freeze/chapters/part1/05-backpropagation/figure-pdf/fig-vanishing-output-1.pdf,19328,140638cbf56a477fca7d892bd8ec481bd08e5c152e666aebde0d87e2f4c4d363,,,
chapters/part2/08-cnn.qmd,figure-html,fig-cliff-rematch-output-2,fig-cliff-rematch,format,_freeze/chapters/part2/08-cnn/figure-html/fig-cliff-rematch-output-2.png,49142,5a3060fdd2332a17522659cb98ea2269bc084dfb2337dc8dc94d5bbff6fb6df6,_freeze/chapters/part2/08-cnn/figure-html/fig-cliff-rematch-output-2.svg,28319,84de9165c28db3b37ad499cdfc11e235b897c0882b4fd9bf8250d9b846bd3356,6760,,08-F-1 08-F-9 08-F-10
chapters/part2/08-cnn.qmd,figure-html,fig-corner-detector-output-1,fig-corner-detector,format,_freeze/chapters/part2/08-cnn/figure-html/fig-corner-detector-output-1.png,16641,c3a163a2abdfa139da6bc708a42bcae76f0c1a7080dd8c2e2441b92b206bbcb0,_freeze/chapters/part2/08-cnn/figure-html/fig-corner-detector-output-1.svg,24504,04b14ec8116c3bcf79705e6d64d3b0b4188aea2de1fffc2f8d135bd27e2be45a,5651,,08-F-1 08-F-4 08-F-5
chapters/part2/08-cnn.qmd,figure-html,fig-learned-filters-output-1,fig-learned-filters,format,_freeze/chapters/part2/08-cnn/figure-html/fig-learned-filters-output-1.png,17644,58ecbe5087762215bdb5becfb77cefd4ae352b3b5915f53a3299a04062fc4b3f,_freeze/chapters/part2/08-cnn/figure-html/fig-learned-filters-output-1.svg,38881,3f69fc67a90796f0f8a69dc3265b426ef70562bfa9b9cf3a72a244c169bf4ae6,18190,,08-F-1 08-F-11 08-F-12
chapters/part2/08-cnn.qmd,figure-html,fig-learned-kernel-output-1,fig-learned-kernel,format,_freeze/chapters/part2/08-cnn/figure-html/fig-learned-kernel-output-1.png,14057,9fff5bf678b0962258d0ea8713f9c69759c60de8f8d681721417b50fc0c736b0,_freeze/chapters/part2/08-cnn/figure-html/fig-learned-kernel-output-1.svg,27514,603187097ed81539ff6c4f0d10861aa8ea2079d8eb4c523503b00ddc7de0574b,6490,,08-F-1 08-F-2 08-F-3
chapters/part2/08-cnn.qmd,figure-html,fig-receptive-field-output-1,fig-receptive-field,format,_freeze/chapters/part2/08-cnn/figure-html/fig-receptive-field-output-1.png,87343,2ce9635115177e278d4fd413f2e676047f3b56188f6537e3cf461e5b21969fa1,_freeze/chapters/part2/08-cnn/figure-html/fig-receptive-field-output-1.svg,19207,2990fa955a90cee6b23efccb8328b60964f9315be24c14927a0bc467da6e732d,5722,,08-F-1 08-F-6 08-F-7 08-F-8
chapters/part2/08-cnn.qmd,figure-pdf,fig-cliff-rematch-output-2,fig-cliff-rematch,redrawn,_freeze/chapters/part2/08-cnn/figure-pdf/fig-cliff-rematch-output-2.pdf,14825,9741f3a10f12e53ecfd8d7fe1a47e98f29535d0be6cedc542bfa10f09174ea35,_freeze/chapters/part2/08-cnn/figure-pdf/fig-cliff-rematch-output-2.pdf,13263,9e025aeb7cb5356e70726db7c809284a582741bbd8b6bcdd0582d77bf4e0b449,,0.1116 (sizes 1000x575 vs 1000x697; resampled),08-F-1 08-F-9 08-F-10
chapters/part2/08-cnn.qmd,figure-pdf,fig-corner-detector-output-1,fig-corner-detector,redrawn,_freeze/chapters/part2/08-cnn/figure-pdf/fig-corner-detector-output-1.pdf,16402,dd8433b8acad72013be5d5be069860baa2f408ade28692170aa5f8001bd337a8,_freeze/chapters/part2/08-cnn/figure-pdf/fig-corner-detector-output-1.pdf,12495,6a31cdb9b9cbdfc620a6923b9ee46a568db92d78b496d72b50557abb12078f0e,,0.3613 (sizes 1000x275 vs 1000x317; resampled),08-F-1 08-F-4 08-F-5
chapters/part2/08-cnn.qmd,figure-pdf,fig-learned-filters-output-1,fig-learned-filters,redrawn,_freeze/chapters/part2/08-cnn/figure-pdf/fig-learned-filters-output-1.pdf,34878,d47af87e78bd109dbea8687b8cb6c3187ccffa1877bd6282bfd811ec9a6c2184,_freeze/chapters/part2/08-cnn/figure-pdf/fig-learned-filters-output-1.pdf,30903,e28cf4441c9591b00bc9a795920eaff06b0a9d00e6e3ef1870af248b32eff19d,,0.8008 (sizes 1000x336 vs 1000x366; resampled),08-F-1 08-F-11 08-F-12
chapters/part2/08-cnn.qmd,figure-pdf,fig-learned-kernel-output-1,fig-learned-kernel,redrawn,_freeze/chapters/part2/08-cnn/figure-pdf/fig-learned-kernel-output-1.pdf,15617,ec5dbc3fbbf61425c95b82c732ca76819baa62edd86aa5a29ed48397d89b6c66,_freeze/chapters/part2/08-cnn/figure-pdf/fig-learned-kernel-output-1.pdf,17480,41ad7410a3106cbaf97065772a45e7de33e796d2674033d71361b38a36d5f92d,,0.2821 (sizes 1000x355 vs 1000x347; resampled),08-F-1 08-F-2 08-F-3
chapters/part2/08-cnn.qmd,figure-pdf,fig-receptive-field-output-1,fig-receptive-field,redrawn,_freeze/chapters/part2/08-cnn/figure-pdf/fig-receptive-field-output-1.pdf,20829,cb6d12193f0bf4de0047683c88386d53d96e664a5382bb635662d3fa8134825f,_freeze/chapters/part2/08-cnn/figure-pdf/fig-receptive-field-output-1.pdf,12914,8fc93a7303a6f2fda6f8a88ed757e36431df4214068999e40ff5b925747fe298,,0.6246 (sizes 1000x701 vs 1000x663; resampled),08-F-1 08-F-6 08-F-7 08-F-8
