page,line,label,caption,number,text_refs,alt,format,pixels,dpi_at_120mm,drawn_by,diagram_description,role_colour_misuse,raster_content,caption_issues
chapters/appendices/a1-linear-algebra.qmd,428,fig-a1-svd,yes,Figure A.2,0,yes,png,1901x694,402,matplotlib-data,,none,no,none
chapters/appendices/a1-linear-algebra.qmd,608,fig-a1-centering,yes,Figure A.3,0,yes,png,1595x482,338,matplotlib-data,,"navy (#232D4B) and orange (#E57200) used for centered observations vs training mean, dark red (#722F37) for uncentered PCA line (chapters/appendices/a1-linear-algebra.qmd:653,655,663)",no,none
chapters/appendices/a3-precision-performance.qmd,475,fig-a3-roofline,yes,Figure C.1,1,yes,png,1437x861,304,matplotlib-data,,none,no,none
chapters/appendices/a3-precision-performance.qmd,750,fig-a3-flash-recap,yes,Figure C.2,0,yes,png,1670x748,353,matplotlib-diagram,Memory-hierarchy flowchart comparing materialized full-matrix attention against tiled online SRAM-fused attention,none,no,left/right without panel labels
chapters/epilogue.qmd,27,epfig-epilogue-learnability-ladder,yes,Figure E.1,0,yes,png,1900x902,402,matplotlib-diagram,Hierarchical ladder diagram showing successive layers of machine learnability from representations to agents,none,no,none
chapters/epilogue.qmd,214,epfig-epilogue-test-time-taxonomy,yes,Figure E.2,0,yes,png,1488x709,315,matplotlib-diagram,Taxonomy tree diagram classifying test-time computing strategies and inference regimes,none,no,none
chapters/interludes/attention-as-test-time-regression.qmd,323,fig-solver-costs,yes,Figure 17.1,2,yes,none,,,matplotlib-diagram,"Two-axis conceptual map placing softmax attention, factorized kernel, and delta state memory solvers by state growth and per-token cost","blue (#2B6CB0), green (#2F855A), and orange (#C05621) used for softmax table, factorized kernel, and delta state memory solvers (chapters/interludes/attention-as-test-time-regression.qmd:327,329,331)",no,none
chapters/interludes/attention-as-test-time-regression.qmd,514,fig-memory-capacity-spectrum,yes,Figure 17.2,0,yes,none,,,matplotlib-data,,"orange (#E57200), green (#2E7D32), wine (#722F37), and navy (#232D4B) used for dimensions 8/16/32, softmax table, and gated priority vs ordinary (chapters/interludes/attention-as-test-time-regression.qmd:510,516,527-528)",no,none
chapters/interludes/learning-by-experiment.qmd,36,fig-experiment-loop,yes,Figure 7.1,0,yes,none,,,matplotlib-diagram,"Iterative scientific experiment loop diagram connecting hypotheses, interventions, execution, and evidence evaluation",none,no,none
chapters/interludes/learning-by-experiment.qmd,559,fig-experiment-estimands,yes,Figure 7.2,0,yes,none,,,matplotlib-data,,navy (#232D4B) and orange (#E57200) used for MLP without vs with BatchNorm (chapters/interludes/learning-by-experiment.qmd:547),no,left/right without panel labels
chapters/interludes/making-pca-learnable.qmd,41,fig-fixed-code-bridge,yes,Figure 11.1,0,yes,none,,,matplotlib-diagram,Architecture flow diagram connecting linear PCA autoencoders to nonlinear autoencoders via bottleneck codes,none,no,none
chapters/interludes/making-pca-learnable.qmd,394,fig-linear-nonlinear-ae,yes,Figure 11.2,0,yes,none,,,matplotlib-data,,"orange (#E57200), green (#2E7D32), navy (#232D4B), and wine (#722F37) used for PCA reconstruction, nonlinear AE, tied linear AE, and nonlinear runs (chapters/interludes/making-pca-learnable.qmd:393,395,408,409)",no,none
chapters/interludes/making-pca-learnable.qmd,517,fig-decoder-ambiguity,yes,Figure 11.3,0,yes,none,,,matplotlib-data,,navy (#232D4B) and orange (#E57200) used for competing decoder functions g1 and g2 (chapters/interludes/making-pca-learnable.qmd:511-512),no,none
chapters/interludes/making-pca-learnable.qmd,788,fig-convolutional-denoising-ae,yes,Figure 11.4,0,yes,none,,,matplotlib-data,,none,yes,none
chapters/part1/01-linear-regression.qmd,342,fig-gd-path,yes,Figure 1.4,0,yes,png,1633x710,346,matplotlib-data,,none,no,none
chapters/part1/01-linear-regression.qmd,605,fig-three-loss-paths,yes,Figure 1.5,0,yes,png,1743x517,369,matplotlib-data,,none,no,none
chapters/part1/01-linear-regression.qmd,636,fig-three-fits,yes,Figure 1.6,0,yes,png,1037x672,219,matplotlib-data,,"default cycle C0, C1, C2, C3 used for adjusted data, closed form, gradient descent, and nn.Linear regression fits (chapters/part1/01-linear-regression.qmd:654-658)",no,none
chapters/part1/01-linear-regression.qmd,744,fig-bias-variance,yes,Figure 1.9,0,yes,png,2090x785,442,matplotlib-data,,none,no,left/right without panel labels
chapters/part1/02-logistic-softmax.qmd,65,fig-sigmoid,yes,Figure 2.1,0,yes,png,1795x631,380,matplotlib-data,,"navy (#232D4B) and orange (#E57200) used for binary target classes y=0 and y=1 (chapters/part1/02-logistic-softmax.qmd:104,105)",no,left/right without panel labels
chapters/part1/02-logistic-softmax.qmd,211,fig-softmax,yes,Figure 2.2,0,yes,png,1354x537,287,matplotlib-data,,none,no,left/right without panel labels
chapters/part1/02-logistic-softmax.qmd,302,fig-soft-vs-hard,yes,Figure 2.3,2,yes,png,1904x476,403,matplotlib-data,,none,no,left/right without panel labels
chapters/part1/02-logistic-softmax.qmd,374,fig-ce-decomposition,yes,Figure 2.4,0,yes,png,1362x421,288,matplotlib-data,,none,no,none
chapters/part1/02-logistic-softmax.qmd,471,fig-blobs,yes,Figure 2.5,0,yes,png,1134x825,240,matplotlib-data,,"navy (#232D4B), orange (#E57200), and green (#6B8E6B) used for classes 0, 1, 2 (chapters/part1/02-logistic-softmax.qmd:492)",no,none
chapters/part1/03-nonlinearity-mlp.qmd,136,fig-xor,yes,Figure 3.1,0,yes,png,1389x633,294,matplotlib-data,,navy (#232D4B) and orange (#E57200) used for binary target classes 0 and 1 (chapters/part1/03-nonlinearity-mlp.qmd:160),no,left/right without panel labels
chapters/part1/03-nonlinearity-mlp.qmd,210,fig-neuron-hinge,yes,Figure 3.2,0,yes,png,1454x623,308,matplotlib-data,,none,no,left/right without panel labels
chapters/part1/03-nonlinearity-mlp.qmd,276,fig-hinge-bump,yes,Figure 3.3,0,yes,png,1402x556,297,matplotlib-data,,"blue (#5379AA), green (#6B8E6B), wine (#722F37), and orange (#E57200) used for hidden basis components h1, h2, h3 and bump combination (chapters/part1/03-nonlinearity-mlp.qmd:282-284,286)",no,none
chapters/part1/03-nonlinearity-mlp.qmd,315,fig-uat,yes,Figure 3.4,0,yes,png,1252x672,265,matplotlib-data,,"navy (#232D4B), blue (#5379AA), and orange (#E57200) used for target and width 8 and 64 fits (chapters/part1/03-nonlinearity-mlp.qmd:338,340)",no,none
chapters/part1/03-nonlinearity-mlp.qmd,476,fig-moons,yes,Figure 3.5,0,yes,png,1444x614,306,matplotlib-data,,"navy (#232D4B) and orange (#E57200) used for binary target classes 0 and 1 (chapters/part1/03-nonlinearity-mlp.qmd:487,488)",no,none
chapters/part1/03-nonlinearity-mlp.qmd,529,fig-feature-space,yes,Figure 3.6,0,yes,png,1482x632,314,matplotlib-data,,"navy (#232D4B) and orange (#E57200) used for binary target classes 0 and 1 (chapters/part1/03-nonlinearity-mlp.qmd:538-539,542-543)",no,left/right without panel labels
chapters/part1/04-training-loss-sgd.qmd,144,fig-sgd-zones,yes,Figure 4.1,0,yes,png,1748x691,370,matplotlib-data,,none,no,left/right without panel labels
chapters/part1/04-training-loss-sgd.qmd,250,fig-lr,yes,Figure 4.2,0,yes,png,1169x633,247,matplotlib-data,,"blue (#5379AA), orange (#E57200), and wine (#722F37) used for learning rates 0.005, 0.12, 1.1 (chapters/part1/04-training-loss-sgd.qmd:269-270)",no,none
chapters/part1/04-training-loss-sgd.qmd,434,fig-race,yes,Figure 4.3,0,yes,png,1169x672,247,matplotlib-data,,"blue (#5379AA), navy (#232D4B), and orange (#E57200) used for optimizers SGD, momentum, Adam (chapters/part1/04-training-loss-sgd.qmd:465-466)",no,none
chapters/part1/05-backpropagation.qmd,44,fig-chain-graph,yes,Figure 5.1,0,yes,png,1440x614,305,matplotlib-diagram,Computational graph flowchart showing forward evaluation and reverse pullback paths of backpropagation,none,no,none
chapters/part1/05-backpropagation.qmd,204,fig-delta-pullback,yes,Figure 5.2,0,yes,png,1440x556,305,matplotlib-diagram,Layer pullback schematic demonstrating backward vector-matrix propagation of sensitivities delta,none,no,none
chapters/part1/05-backpropagation.qmd,296,fig-outer-product,yes,Figure 5.3,0,yes,png,1401x574,297,matplotlib-diagram,Outer product tensor grid diagram showing weight gradients computed from sensitivities and activations,none,no,none
chapters/part1/05-backpropagation.qmd,705,fig-gates,yes,Figure 5.5,0,yes,png,1404x537,297,matplotlib-data,,none,no,none
chapters/part1/05-backpropagation.qmd,751,fig-vanishing,yes,Figure 5.6,0,yes,png,1169x632,247,matplotlib-data,,navy (#232D4B) and orange (#E57200) used for activation functions Sigmoid and ReLU (chapters/part1/05-backpropagation.qmd:793),no,none
chapters/part1/05-backpropagation.qmd,852,fig-init,yes,Figure 5.7,0,yes,png,1169x632,247,matplotlib-data,,wine (#722F37) and orange (#E57200) used for naive and He initialization schemes (chapters/part1/05-backpropagation.qmd:882),no,none
chapters/part1/06-generalization-inductive-bias.qmd,211,fig-shift-cliff,yes,Figure 6.1,0,yes,png,1058x613,224,matplotlib-data,,none,no,none
chapters/part1/06-generalization-inductive-bias.qmd,342,fig-templates,yes,Figure 6.2,0,yes,png,1435x388,304,matplotlib-data,,none,yes,none
chapters/part1/06-generalization-inductive-bias.qmd,429,fig-ucurve,yes,Figure 6.3,0,yes,png,1134x650,240,matplotlib-data,,none,no,none
chapters/part1/06-generalization-inductive-bias.qmd,488,fig-curse,yes,Figure 6.4,0,yes,png,1058x593,224,matplotlib-data,,none,no,none
chapters/part2/07-filters-convolution.qmd,68,fig-moving-average,yes,Figure 8.1,0,yes,png,1213x556,257,matplotlib-data,,none,no,none
chapters/part2/07-filters-convolution.qmd,149,fig-filter-zoo,yes,Figure 8.2,0,yes,png,1478x624,313,matplotlib-data,,none,yes,none
chapters/part2/07-filters-convolution.qmd,296,fig-shared-matrix,yes,Figure 8.3,0,yes,png,3179x2430,673,matplotlib-data,,none,yes,none
chapters/part2/08-cnn.qmd,127,fig-learned-kernel,yes,Figure 9.1,0,yes,png,997x354,211,matplotlib-data,,none,yes,left/right without panel labels
chapters/part2/08-cnn.qmd,266,fig-corner-detector,yes,Figure 9.2,0,yes,png,1708x468,362,matplotlib-data,,none,yes,none
chapters/part2/08-cnn.qmd,452,fig-receptive-field,yes,Figure 9.3,1,yes,png,3906x2737,827,matplotlib-data,,none,yes,none
chapters/part2/08-cnn.qmd,648,fig-cliff-rematch,yes,Figure 9.4,0,yes,png,1038x594,220,matplotlib-data,,"orange (#E57200) and navy (#232D4B) used for MLP vs LeNet architecture models (chapters/part2/08-cnn.qmd:671,672)",no,none
chapters/part2/08-cnn.qmd,717,fig-learned-filters,yes,Figure 9.5,0,yes,png,1708x573,362,matplotlib-data,,none,yes,left/right without panel labels
chapters/part2/09-modern-cnns-transfer.qmd,424,fig-cliff-gap,yes,Figure 10.2,0,yes,png,1039x594,220,matplotlib-data,,"navy (#232D4B) and orange (#E57200) used for LeNet vs NINSmall architecture models (chapters/part2/09-modern-cnns-transfer.qmd:465,469)",no,none
chapters/part2/09-modern-cnns-transfer.qmd,614,fig-residual-stream,yes,Figure 10.3,0,yes,png,1363x460,289,matplotlib-diagram,Block diagram of residual network unit showing identity shortcut stream bypassing weight layers,none,no,none
chapters/part2/09-modern-cnns-transfer.qmd,680,fig-gradient-highway,yes,Figure 10.4,0,yes,png,1170x632,248,matplotlib-data,,orange (#E57200) and navy (#232D4B) used for plain+BN vs residual network architectures (chapters/part2/09-modern-cnns-transfer.qmd:729),no,none
chapters/part2/09-modern-cnns-transfer.qmd,799,fig-scorecard,yes,Figure 10.5,0,yes,png,1175x670,249,matplotlib-data,,"navy (#232D4B), orange (#E57200), and blue (#5379AA) used for NIN, VGG, and ResNet architectures (chapters/part2/09-modern-cnns-transfer.qmd:783)",no,none
chapters/part2/09-modern-cnns-transfer.qmd,1038,fig-transfer-full,yes,Figure 10.6,0,yes,png,1174x651,248,matplotlib-data,,"blue (#5379AA), orange (#E57200), and navy (#232D4B) used for fine-tuning vs scratch training regimes and seed scatter (chapters/part2/09-modern-cnns-transfer.qmd:1047,1051)",no,none
chapters/part3/10-sequences-rnn.qmd,160,fig-unrolled-rnn,yes,Figure 12.1,0,yes,png,1797x555,380,matplotlib-diagram,Schematic comparing looped compact recurrent cell representation with time-unrolled recurrence chain,none,no,left/right without panel labels
chapters/part3/10-sequences-rnn.qmd,246,fig-vanishing-time,yes,Figure 12.2,1,yes,png,1168x594,247,matplotlib-data,,none,no,none
chapters/part3/10-sequences-rnn.qmd,357,fig-lstm-conveyor,yes,Figure 12.3,0,yes,png,1401x614,297,matplotlib-diagram,"Architectural diagram of LSTM cell showing conveyor cell state, forget, input, and output gating mechanisms",none,no,none
chapters/part3/10-sequences-rnn.qmd,462,fig-highway-time,yes,Figure 12.4,0,yes,png,1168x594,247,matplotlib-data,,"orange (#E57200) and navy (#232D4B) used for vanilla RNN vs LSTM models (chapters/part3/10-sequences-rnn.qmd:468,469)",no,none
chapters/part3/10-sequences-rnn.qmd,590,fig-forget-gate-diagnostic,yes,Figure 12.5,0,yes,png,1173x594,248,matplotlib-data,,"navy (#232D4B) and orange (#E57200) used for forget bias +1 vs default initialization conditions (chapters/part3/10-sequences-rnn.qmd:621,622)",no,none
chapters/part3/10-sequences-rnn.qmd,908,fig-wikitext-scale,yes,Figure 12.6,0,yes,png,1210x650,256,matplotlib-data,,"blue (#5379AA), orange (#E57200), and navy (#232D4B) used for model scaling series (chapters/part3/10-sequences-rnn.qmd:914,920)",no,none
chapters/part3/11-encoder-decoder.qmd,196,fig-encoder-decoder-handoff,yes,Figure 13.1,0,yes,png,1440x576,305,matplotlib-diagram,Sequence encoder-decoder handoff schematic illustrating packed sequence termination and hidden state handoff,none,no,none
chapters/part3/11-encoder-decoder.qmd,400,fig-padding-drift,yes,Figure 13.2,0,yes,png,1208x536,256,matplotlib-data,,none,no,none
chapters/part3/11-encoder-decoder.qmd,477,fig-tf-vs-fr,yes,Figure 13.3,1,yes,png,1134x594,240,matplotlib-data,,"navy (#232D4B) and orange (#E57200) used for teacher forcing vs free running training modes (chapters/part3/11-encoder-decoder.qmd:483,485)",no,none
chapters/part4/12-kernel-regression.qmd,240,fig-kernel-lookup,yes,Figure 14.1,1,yes,png,1404x598,297,matplotlib-data,,none,no,none
chapters/part4/12-kernel-regression.qmd,441,fig-bandwidth-fits,yes,Figure 14.2,0,yes,png,1404x809,297,matplotlib-data,,none,no,colour word is the only identifier of a series
chapters/part4/12-kernel-regression.qmd,527,fig-fixed-attention-map,yes,Figure 14.3,0,yes,png,1442x646,305,matplotlib-data,,"default cycle C0 (blue), C1 (orange), C2 (green) used for error components bias^2, variance, MSE (chapters/part4/12-kernel-regression.qmd:534-536)",yes,left/right without panel labels
chapters/part4/13-attention.qmd,34,fig-attention-lookup,yes,Figure 15.1,0,yes,png,1440x633,305,matplotlib-diagram,"Conceptual query-key-value attention lookup schematic showing projection, similarity weighting, and value summation",none,no,none
chapters/part4/13-attention.qmd,233,fig-additive-scorer,yes,Figure 15.2,0,yes,png,1420x555,301,mixed,Block diagram of additive query-key projection and tanh compatibility scoring paired with resulting attention weight bar chart,none,no,left/right without panel labels
chapters/part4/13-attention.qmd,460,fig-sqrt-d-audit,yes,Figure 15.3,0,yes,png,1423x598,301,matplotlib-data,,"orange (#E57200) and navy (#232D4B) used for raw vs scaled dot-product attention conditions (chapters/part4/13-attention.qmd:468,470,475,477)",no,left/right without panel labels
chapters/part4/13-attention.qmd,561,fig-padding-mask,yes,Figure 15.4,0,yes,png,1134x502,240,matplotlib-data,,none,yes,none
chapters/part4/13-attention.qmd,971,fig-attention-rematch,yes,Figure 15.5,0,yes,png,1903x684,403,matplotlib-data,,orange (#E57200) used for learned attention model series vs fixed-state baseline (chapters/part4/13-attention.qmd:989),yes,left/right without panel labels
chapters/part4/14-self-attention-transformer.qmd,196,fig-permutation-debt,yes,Figure 16.1,0,yes,png,1323x938,280,matplotlib-data,,orange (#d37b29) used for position difference bar (chapters/part4/14-self-attention-transformer.qmd:220),yes,left/right without panel labels
chapters/part4/14-self-attention-transformer.qmd,339,fig-position-build,yes,Figure 16.2,0,yes,png,1901x941,402,matplotlib-data,,default cycle C0 (#1f77b4 blue) and C1 (#ff7f0e orange) used for sin and cos curves (chapters/part4/14-self-attention-transformer.qmd:349-354),yes,none
chapters/part4/14-self-attention-transformer.qmd,535,fig-causal-multihead,yes,Figure 16.3,1,yes,png,1937x1297,410,mixed,"Flow diagram of multi-head projection, parallel routing, concatenation, and output projection alongside causal attention head heatmaps",none,yes,left/right without panel labels
chapters/part4/14-self-attention-transformer.qmd,686,fig-transformer-block,yes,Figure 16.4,0,yes,png,1942x828,411,mixed,Architecture flowchart of pre-LayerNorm Transformer block paired with token activation distribution audits across normalization layers,"blue (#2B6CB0), orange (#C05621), purple (#805AD5), and green (#2F855A) assigned to arbitrary token positions 1 through 4 (chapters/part4/14-self-attention-transformer.qmd:755)",no,left/right without panel labels
chapters/part4/14-self-attention-transformer.qmd,1242,fig-book-corpus-rematch,yes,Figure 16.5,0,yes,png,1902x748,403,matplotlib-data,,"blue (#3566a8) and orange (#d37b29) used for Transformer + position vs Transformer no position models (chapters/part4/14-self-attention-transformer.qmd:1251-1252,1263)",no,left/right without panel labels
chapters/part4/14-self-attention-transformer.qmd,1341,fig-learned-attention,yes,Figure 16.6,0,yes,png,1576x1174,334,matplotlib-data,,none,yes,none
chapters/part4/15-bert-pretraining.qmd,94,fig-visibility-corruption,yes,Figure 18.1,1,yes,png,1767x597,374,matplotlib-data,,none,yes,left/right without panel labels
chapters/part4/15-bert-pretraining.qmd,294,fig-mlm-policy,yes,Figure 18.2,0,yes,png,1911x794,404,matplotlib-data,,none,yes,none
chapters/part4/15-bert-pretraining.qmd,559,fig-bert-adaptation,yes,Figure 18.3,0,yes,png,1900x710,402,matplotlib-diagram,Flowchart illustrating adaptation of pretrained BERT encoder representations to downstream classification and token prediction heads,none,no,none
chapters/part4/15-bert-pretraining.qmd,653,fig-bert-lab-design,yes,Figure 18.4,1,yes,png,1900x1017,402,matplotlib-diagram,Synthetic laboratory data design flowchart showing assignment of covered and uncovered types across pretraining corpus and evaluation pools,none,no,none
chapters/part4/15-bert-pretraining.qmd,1429,fig-pretraining-pays,yes,Figure 18.5,0,yes,png,2095x690,443,matplotlib-data,,"blue (#3566a8) and orange (#d37b29) used for MLM covered vs unexposed and within-family vs between-family categories (chapters/part4/15-bert-pretraining.qmd:1440,1450,1482,1486)",no,left/right without panel labels
chapters/part4/15-bert-pretraining.qmd,1558,fig-pretraining-visibility,yes,Figure 18.6,1,yes,png,1852x770,392,matplotlib-data,,none,yes,none
chapters/part4/16-vit-scaling.qmd,168,fig-patchify,yes,Figure 19.1,0,yes,png,1892x632,400,matplotlib-data,,none,yes,left/right without panel labels
chapters/part4/16-vit-scaling.qmd,675,fig-fashion-rematch,yes,Figure 19.2,0,yes,png,1902x690,403,matplotlib-data,,navy (#232D4B) and orange (#E57200) used for CNN vs ViT model series (chapters/part4/16-vit-scaling.qmd:660),no,left/right without panel labels
chapters/part4/16-vit-scaling.qmd,849,fig-compound-scaling,yes,Figure 19.3,0,yes,png,1607x709,340,matplotlib-data,,"navy (#232D4B), orange (#E57200), green (#2E7D32), and wine (#722F37) used for depth, width, resolution, and compound multipliers (chapters/part4/16-vit-scaling.qmd:858-860,869)",no,none
chapters/part4/16-vit-scaling.qmd,956,fig-kaplan-scaling,yes,Figure 19.4,0,yes,png,1610x747,341,matplotlib-data,,"navy (#232D4B), orange (#E57200), and green (#2E7D32) used for parameter, token, and compute scaling laws (chapters/part4/16-vit-scaling.qmd:941-943)",no,none
chapters/part4/16-vit-scaling.qmd,1138,fig-chinchilla-allocation,yes,Figure 19.5,0,yes,png,1711x804,362,matplotlib-data,,"green (#2E7D32), orange (#E57200), wine (#722F37), and navy (#232D4B) used for joint-fit minimum, 20-token heuristic, Gopher allocation, and iso-compute curve (chapters/part4/16-vit-scaling.qmd:1121-1123,1146)",no,none
chapters/part5/17-peft-quantization.qmd,75,fig-adaptation-map,yes,Figure 20.1,0,yes,png,1900x864,402,matplotlib-diagram,"Taxonomy diagram organizing parameter-efficient fine-tuning (PEFT) methods into add, reparameterize, select, and prune strategies",none,no,none
chapters/part5/17-peft-quantization.qmd,385,fig-icl-coverage,yes,Figure 20.2,0,yes,png,1711x709,362,matplotlib-data,,"orange (#E57200) and navy (#232D4B) used for mean vs ceiling, green (#2E7D32) and wine (#722F37) for query demonstrated vs unseen (chapters/part5/17-peft-quantization.qmd:397,399,414,416)",no,left/right without panel labels
chapters/part5/17-peft-quantization.qmd,607,fig-lora-path,yes,Figure 20.3,0,yes,png,1708x652,362,matplotlib-diagram,Block architecture diagram showing low-rank matrix decomposition adapter branch A and B in parallel with frozen base weight W,none,no,none
chapters/part5/17-peft-quantization.qmd,867,fig-lora-rank-capacity,yes,Figure 20.4,0,yes,png,1706x709,361,matplotlib-data,,"wine (#722F37), orange (#C05621), and green (#2E7D32) used for LoRA performance curves and full-rank baselines (chapters/part5/17-peft-quantization.qmd:897,898,900,908,910)",no,left/right without panel labels
chapters/part5/17-peft-quantization.qmd,1124,fig-quantization-granularity,yes,Figure 20.5,0,yes,png,2089x689,442,mixed,Schematic number line of symmetric uniform rounding grid alongside per-tensor vs per-row quantization error performance curves,"navy (#232D4B) and orange (#E57200) used for per-tensor vs per-row quantization strategies (chapters/part5/17-peft-quantization.qmd:1160,1162,1175,1177)",no,left/right without panel labels
chapters/part5/17-peft-quantization.qmd,1268,fig-qlora-composition,yes,Figure 20.6,0,yes,png,1900x710,402,matplotlib-diagram,Architecture flow diagram decoupling QLoRA 4-bit NF4 frozen storage precision from BF16 compute precision and 16-bit adapter state,none,no,none
chapters/part5/18-alignment.qmd,55,fig-objective-write-map,yes,Figure 21.1,0,yes,png,1900x956,402,matplotlib-diagram,Flowchart mapping training stages from pretraining through instruction tuning and alignment to generation contracts,none,no,none
chapters/part5/18-alignment.qmd,335,fig-preference-consistency,yes,Figure 21.2,0,yes,png,1900x707,402,mixed,Directed preference graph triangles comparing transitive choices with cyclic preferences paired with loss misspecification bar chart,green (#2E7D32) and orange (#E57200) used for edgewise vs scalar model loss bars (chapters/part5/18-alignment.qmd:377),no,none
chapters/part5/18-alignment.qmd,425,fig-rlhf-pipeline,yes,Figure 21.3,0,yes,png,1900x1094,402,matplotlib-diagram,"Reinforcement learning from human feedback (RLHF) system pipeline diagram connecting demonstrations, reward modeling, and PPO policy optimization",none,no,none
chapters/part5/18-alignment.qmd,623,fig-reference-tilt,yes,Figure 21.4,0,yes,png,1903x785,403,matplotlib-data,,"green (#2E7D32), orange (#E57200), and wine (#722F37) used for beta=4, 1, 0.5 policies and points (chapters/part5/18-alignment.qmd:636-639,647)",no,none
chapters/part5/18-alignment.qmd,973,fig-proxy-pressure,yes,Figure 21.5,0,yes,png,1961x824,415,matplotlib-data,,"navy (#232D4B), orange (#E57200), and green (#2E7D32) used for designed utility, narrow proxy, and repaired proxy models (chapters/part5/18-alignment.qmd:983,985,987,1010,1012,1034,1042)",no,left/right without panel labels
chapters/part5/18-alignment.qmd,1089,fig-preference-routes,yes,Figure 21.6,0,yes,png,1900x883,402,matplotlib-diagram,Flowchart comparing the explicit reward model and direct preference optimization (DPO) training routes from preference pairs,none,no,none
chapters/part5/18-alignment.qmd,1304,fig-alignment-contract,yes,Figure 21.7,0,yes,png,1900x844,402,matplotlib-diagram,"Evidence chain flowchart linking feedback record, reward-model audit, policy audit, and model card for alignment evaluation",none,no,none
chapters/part5/19-generative.qmd,89,fig-judge-generator,yes,Figure 22.1,0,yes,png,1900x768,402,matplotlib-diagram,Block diagram distinguishing the evaluation rule of a judge from the sampling rule of a generator,none,no,none
chapters/part5/19-generative.qmd,334,fig-vae-gap,yes,Figure 22.2,0,yes,png,1882x786,398,mixed,Block diagram comparing VAE generation and inference paths alongside density plots and ELBO evidence gap audit,"green (#2E7D32) and orange (#E57200) used for exact posterior vs variational approximation, wine (#722F37) for log evidence (chapters/part5/19-generative.qmd:363,365,372,374)",no,none
chapters/part5/19-generative.qmd,574,fig-gan-finite,yes,Figure 22.3,0,yes,png,2017x747,427,matplotlib-data,,"green (#2E7D32), navy (#232D4B), and wine (#722F37) used for covered vs collapsed generator mass, orange (#E57200) and green (#2E7D32) for minimax vs non-saturating loss curves (chapters/part5/19-generative.qmd:584,586,587,601,603)",no,none
chapters/part5/19-generative.qmd,741,fig-forward-diffusion,yes,Figure 22.4,0,yes,png,1898x786,402,mixed,Markov chain diagrams of forward corruption and reverse transitions alongside density evolution and schedule coefficients,"navy (#232D4B), orange (#E57200), wine (#722F37), and green (#2E7D32) used for timesteps t=0, 10, 50, 100 density curves (chapters/part5/19-generative.qmd:773)",no,none
chapters/part5/19-generative.qmd,898,fig-score-mixture,yes,Figure 22.5,0,yes,png,1672x978,354,matplotlib-data,,blue (#2B6CB0) and orange (#C05621) used for Gaussian mixture component 1 and component 2 pulls (chapters/part5/19-generative.qmd:920),no,left/right without panel labels
chapters/part5/19-generative.qmd,1269,fig-time-conditioned-diffusion,yes,Figure 22.6,0,yes,png,1903x767,403,matplotlib-data,,"green (#2E7D32) and wine (#722F37) used for time conditioned vs no time ablation conditions (chapters/part5/19-generative.qmd:1283,1304)",no,none
chapters/part5/20-multimodal.qmd,51,fig-two-tower-contract,yes,Figure 23.1,0,yes,png,1900x844,402,matplotlib-diagram,Dual-tower architecture schematic and 3x3 cross-modal cosine score matrix comparing image queries to text candidates,none,no,none
chapters/part5/20-multimodal.qmd,647,fig-paired-retrieval-audit,yes,Figure 23.2,0,yes,png,1897x823,402,matplotlib-data,,green (#2E7D32) and orange (#E57200) used for paired vs shuffled conditions (chapters/part5/20-multimodal.qmd:660),yes,none
chapters/part5/20-multimodal.qmd,743,fig-shared-space,yes,Figure 23.3,0,yes,png,1632x666,345,matplotlib-data,,"navy (#232D4B) and orange (#E57200) used for image view and text view embedding points (chapters/part5/20-multimodal.qmd:755,757)",no,left/right without panel labels
