term,page,line,context,class,proposed_action
lab,index.qmd,11,url: https://shakeri-lab.github.io/dl-book/,allowlist,publisher URL in book metadata
course,index.qmd,18,*A first-principles course in Python and PyTorch.*,change-prose,course vocabulary in book subtitle
class,index.qmd,158,"1. **Function class.** What family of functions does the code implement, and what",allowlist,mathematical function class
course,index.qmd,173,"If you are taking the course, the",change-prose,course reference in preface prose
lecture,index.qmd,174,[lecture videos](https://www.youtube.com/playlist?list=PLwZv_wzaKu3vzW88m6ASKemCTb70ukycH),change-prose,lecture video reference in preface prose
course,index.qmd,175,and [course-site self-checks](https://shakeri-lab.github.io/dl-course-site/),change-prose,course-site reference in preface prose
lab,index.qmd,175,and [course-site self-checks](https://shakeri-lab.github.io/dl-course-site/),change-prose,course-site URL in preface prose
course,index.qmd,175,and [course-site self-checks](https://shakeri-lab.github.io/dl-course-site/),change-prose,course-site reference in preface prose
lab,index.qmd,198,"Trainable*](https://shakeri-lab.github.io/opt-book/), a separate, self-contained",second-volume,links to second volume website
opt-book,index.qmd,198,"Trainable*](https://shakeri-lab.github.io/opt-book/), a separate, self-contained",second-volume,second volume URL path
DS 6050,index.qmd,209,[DS 6050 Deep Learning](https://shakeri-lab.github.io/dl-course-site/) at UVA's School of,web-only,course identifier in web-only about this edition callout
lab,index.qmd,209,[DS 6050 Deep Learning](https://shakeri-lab.github.io/dl-course-site/) at UVA's School of,web-only,web-only about this edition URL
course,index.qmd,209,[DS 6050 Deep Learning](https://shakeri-lab.github.io/dl-course-site/) at UVA's School of,web-only,course reference in web-only about this edition callout
course,index.qmd,210,"Data Science. The course arc is published, and the book continues to receive corrections",web-only,course reference in web-only about this edition callout
Lab,index.qmd,212,its [tagged source](https://github.com/Shakeri-Lab/dl-book/tree/v1.3) preserves a fixed,web-only,repository URL in web-only about this edition callout
lab,index.qmd,222,Version 1.3. [https://shakeri-lab.github.io/dl-book/](https://shakeri-lab.github.io/dl-book/).,web-only,web-only about this edition URL
lab,index.qmd,222,Version 1.3. [https://shakeri-lab.github.io/dl-book/](https://shakeri-lab.github.io/dl-book/).,web-only,web-only about this edition URL
Course,index.qmd,235,### Course route and dependencies {.unnumbered},change-heading,course heading in route section
Modules,index.qmd,237,The route is cumulative. Modules sometimes revisit a chapter because the course uses the,change-prose,course module terminology in route description
course,index.qmd,237,The route is cumulative. Modules sometimes revisit a chapter because the course uses the,change-prose,course reference in route description
Course,index.qmd,243,| Course module | Primary book route | Supporting appendices |,change-prose,course module table header in route table
module,index.qmd,243,| Course module | Primary book route | Supporting appendices |,change-prose,course module table header in route table
enrolled,index.qmd,275,The book supports both enrolled and self-paced readers. For-credit assignment rules on,web-only,enrolled reader reference in web-only enrolled-students note
assignment,index.qmd,275,The book supports both enrolled and self-paced readers. For-credit assignment rules on,web-only,assignment reference in web-only enrolled-students note
course,index.qmd,276,"the course site and in the syllabus take precedence. To protect those assignments, the",web-only,course reference in web-only enrolled-students note
syllabus,index.qmd,276,"the course site and in the syllabus take precedence. To protect those assignments, the",web-only,syllabus reference in web-only enrolled-students note
assignments,index.qmd,276,"the course site and in the syllabus take precedence. To protect those assignments, the",web-only,assignment reference in web-only enrolled-students note
course,index.qmd,279,and course-site self-check feedback provide the first layer of hints.,web-only,course reference in web-only enrolled-students note
Enrolled,index.qmd,296,"running anything, and reduce the code to one batch or one example. Enrolled students",web-only,enrolled reader reference in web-only enrolled-students note
students,index.qmd,296,"running anything, and reduce the code to one batch or one example. Enrolled students",web-only,enrolled students reference in web-only enrolled-students note
course,index.qmd,297,should use the course's approved help channels for assignment-specific hints; complete,web-only,course reference in web-only enrolled-students note
assignment,index.qmd,297,should use the course's approved help channels for assignment-specific hints; complete,web-only,assignment reference in web-only enrolled-students note
students,index.qmd,302,"To the students of DS 6050 at the University of Virginia School of Data Science,",change-prose,student reference in course acknowledgments
DS 6050,index.qmd,302,"To the students of DS 6050 at the University of Virginia School of Data Science,",change-prose,course number DS 6050 in acknowledgments
class,index.qmd,306,"## <span class=""bi bi-cup-hot-fill support-project-icon"" aria-hidden=""true""></span> Support this open book {.unnumbered #support-this-open-book}",allowlist,HTML span class attribute
Lab,index.qmd,320,all code [MIT](https://github.com/Shakeri-Lab/dl-book/blob/main/LICENSE-code). Source on,allowlist,organization name in GitHub license URL
Lab,index.qmd,321,[GitHub](https://github.com/Shakeri-Lab/dl-book). The graduate companion is,second-volume,sentence introduces second volume as graduate companion
Making It Trainable,index.qmd,322,[*Deep Learning: Making It Trainable*](https://shakeri-lab.github.io/opt-book/).*,second-volume,names second volume title
lab,index.qmd,322,[*Deep Learning: Making It Trainable*](https://shakeri-lab.github.io/opt-book/).*,second-volume,links to second volume website
opt-book,index.qmd,322,[*Deep Learning: Making It Trainable*](https://shakeri-lab.github.io/opt-book/).*,second-volume,second volume URL path
syllabus,index.qmd,328,"A release is a fixed place to point a syllabus, assignment, or citation. The live book",web-only,syllabus reference in web-only revision notes
assignment,index.qmd,328,"A release is a fixed place to point a syllabus, assignment, or citation. The live book",web-only,assignment reference in web-only revision notes
assignment,index.qmd,370,Chapter 3 reframes XOR's history around credit assignment and shows how depth folds,web-only,assignment reference in web-only revision notes
DS 6050,index.qmd,449,compact HTML-only chapter-tools strip: the most specific public DS 6050 lecture,web-only,course identifier in web-only revision notes
lecture,index.qmd,449,compact HTML-only chapter-tools strip: the most specific public DS 6050 lecture,web-only,lecture reference in web-only revision notes
video,index.qmd,451,"Twenty-seven pages have a specific video, slide deck, or course segment; three honest",web-only,video reference in web-only revision notes
course,index.qmd,451,"Twenty-seven pages have a specific video, slide deck, or course segment; three honest",web-only,course reference in web-only revision notes
course,index.qmd,452,whole-book surfaces use the course playlist. The five Part transitions stay quiet.,web-only,course reference in web-only revision notes
Making It Trainable,index.qmd,505,from the diagnostic extensions in *Deep Learning: Making It Trainable*. The two,web-only,second volume mention in web-only revision notes
course,index.qmd,531,"research-frontier revision with the complete twenty-chapter course arc, both bridge",web-only,course reference in web-only revision notes
Lab,index.qmd,540,[v1.0 release](https://github.com/Shakeri-Lab/dl-book/releases/tag/v1.0). Later notes,web-only,repository URL in web-only revision notes
Lab,index.qmd,543,[`CITATION.cff`](https://github.com/Shakeri-Lab/dl-book/blob/v1.3/CITATION.cff).,web-only,repository URL in web-only revision notes
lecture,chapters/appendices/a1-linear-algebra.qmd,3,<!-- lecture-source:,allowlist,"hidden provenance comment stripped at render, not reader-visible"
lecture,chapters/appendices/a1-linear-algebra.qmd,4,Raw lecture seeds:,allowlist,"hidden provenance comment stripped at render, not reader-visible"
course,chapters/appendices/a1-linear-algebra.qmd,36,"audit those cases. It is a working reference, not a compressed linear-algebra course.",change-prose,course vocabulary in reference description
courses,chapters/appendices/a1-linear-algebra.qmd,713,"- [Gilbert Strang, *A Vision of Linear Algebra*](https://ocw.mit.edu/courses/res-18-010-a-2020-vision-of-linear-algebra-spring-2020/): input/output spaces, singular vectors, and the geometry of SVD in MIT OpenCourseWare.",allowlist,URL path in external course citation
courses,chapters/appendices/a1-linear-algebra.qmd,714,"- [Gilbert Strang, *Linear Algebra* 18.06SC](https://ocw.mit.edu/courses/18-06sc-linear-algebra-fall-2011/): column spaces, projections, least squares, eigenvectors, and SVD.",allowlist,URL path in external course citation
lecture,chapters/appendices/a2-tensors.qmd,3,<!-- lecture-source:,allowlist,"hidden provenance comment stripped at render, not reader-visible"
class,chapters/appendices/a2-tensors.qmd,531,"reference dtype: masks are Boolean, while class and position indices are normally",allowlist,"Python class definition, ML class, or hypothesis class"
module,chapters/appendices/a2-tensors.qmd,597,4. **Check the boundary.** Assert the input and output shapes at module interfaces.,allowlist,PyTorch nn.Module or neural network module
course,chapters/appendices/a2-tensors.qmd,610,<!-- NOVEL: needs sign-off - concise framework bridge requested in the course review. -->,allowlist,"hidden provenance comment stripped at render, not reader-visible"
non-examinable,chapters/appendices/a2-tensors.qmd,612,## Practice bridge (non-examinable): from samples to batches,change-heading,non-examinable heading per I3
lecture,chapters/appendices/a3-precision-performance.qmd,3,<!-- lecture-source:,allowlist,"hidden provenance comment stripped at render, not reader-visible"
Instructor,chapters/appendices/a3-precision-performance.qmd,4,Instructor transcript bridges (machine-local Box inputs):,allowlist,"hidden provenance comment stripped at render, not reader-visible"
lecture,chapters/appendices/a3-precision-performance.qmd,13,Sanitized public lecture snapshots:,allowlist,"hidden provenance comment stripped at render, not reader-visible"
course,chapters/appendices/a3-precision-performance.qmd,22,Machine-local course bridge:,allowlist,"hidden provenance comment stripped at render, not reader-visible"
Module,chapters/appendices/a3-precision-performance.qmd,23,"LaTeX/Module 8,9-Transformer/9.2-Faster-Transformers.tex",allowlist,"hidden provenance comment stripped at render, not reader-visible"
course,chapters/appendices/a3-precision-performance.qmd,45,This appendix owns the first-course mechanics. Readers who want the graduate diagnostic,change-prose,first-course framing in appendix prose
lab,chapters/appendices/a3-precision-performance.qmd,47,Trainable*](https://shakeri-lab.github.io/opt-book/) can begin with [count versus,second-volume,links to second volume chapter
opt-book,chapters/appendices/a3-precision-performance.qmd,47,Trainable*](https://shakeri-lab.github.io/opt-book/) can begin with [count versus,second-volume,second volume URL path
lab,chapters/appendices/a3-precision-performance.qmd,48,"cost](https://shakeri-lab.github.io/opt-book/chapters/act0/01-count-not-cost.html#c01),",second-volume,links to second volume chapter
opt-book,chapters/appendices/a3-precision-performance.qmd,48,"cost](https://shakeri-lab.github.io/opt-book/chapters/act0/01-count-not-cost.html#c01),",second-volume,second volume URL path
lab,chapters/appendices/a3-precision-performance.qmd,50,quantitative](https://shakeri-lab.github.io/opt-book/chapters/act0/03-precision-contract.html#c03).,second-volume,links to second volume chapter
opt-book,chapters/appendices/a3-precision-performance.qmd,50,quantitative](https://shakeri-lab.github.io/opt-book/chapters/act0/03-precision-contract.html#c03).,second-volume,second volume URL path
class,chapters/appendices/a3-precision-performance.qmd,105,"of FP32, so its range is in the same class as FP32, but its local grid is coarse. The",allowlist,"Python class definition, ML class, or hypothesis class"
course,chapters/appendices/a3-precision-performance.qmd,574,<!-- NOVEL: needs sign-off - concise KV-cache bridge requested in the course review. -->,allowlist,"hidden provenance comment stripped at render, not reader-visible"
non-examinable,chapters/appendices/a3-precision-performance.qmd,576,## Systems bridge (non-examinable): cache the past at generation time,change-heading,non-examinable heading per I3
class,chapters/appendices/a4-notation.qmd,92,"| $i,j$ | Example, coordinate, class, query position, or key position |",allowlist,"Python class definition, ML class, or hypothesis class"
class,chapters/appendices/a4-notation.qmd,97,"| $c$ | Channel index or class label, according to the section |",allowlist,"Python class definition, ML class, or hypothesis class"
assignment,chapters/epilogue.qmd,336,credit assignment across decisions whose consequences arrive later. Probabilistic and,allowlist,reinforcement learning credit assignment
class,chapters/interludes/attention-as-test-time-regression.qmd,67,**The model and regularizer.** The class $\mathcal{M}$ decides whether the predictor,allowlist,"Python class definition, ML class, or hypothesis class"
class,chapters/interludes/attention-as-test-time-regression.qmd,318,"<span id=""ttrfig-solver-costs"" class=""anchor-alias""></span>",allowlist,HTML attribute in an anchor-alias span; not shown to readers
class,chapters/interludes/attention-as-test-time-regression.qmd,509,"<span id=""ttrfig-memory-capacity-spectrum"" class=""anchor-alias""></span>",allowlist,HTML attribute in an anchor-alias span; not shown to readers
class,chapters/interludes/attention-as-test-time-regression.qmd,582,"weights, function class, regularizer, and solver jointly define the result.",allowlist,"Python class definition, ML class, or hypothesis class"
lecture,chapters/interludes/learning-by-experiment.qmd,3,<!-- lecture-source: GMT20250918-002913_Recording.transcript (1).vtt,allowlist,"hidden provenance comment stripped at render, not reader-visible"
class,chapters/interludes/learning-by-experiment.qmd,31,"<span id=""exfig-experiment-loop"" class=""anchor-alias""></span>",allowlist,HTML attribute in an anchor-alias span; not shown to readers
class,chapters/interludes/learning-by-experiment.qmd,183,"<span id=""extbl-experiment-claim-types"" class=""anchor-alias""></span>",allowlist,HTML attribute in an anchor-alias span; not shown to readers
lecture,chapters/interludes/learning-by-experiment.qmd,203,<!-- NOVEL: needs sign-off - the estimand distinction below reconciles the lecture's,allowlist,"hidden provenance comment stripped at render, not reader-visible"
class,chapters/interludes/learning-by-experiment.qmd,266,"<span id=""extbl-batchnorm-study-contract"" class=""anchor-alias""></span>",allowlist,HTML attribute in an anchor-alias span; not shown to readers
class,chapters/interludes/learning-by-experiment.qmd,337,class TinyMLP(nn.Module):,allowlist,"Python class definition, ML class, or hypothesis class"
Module,chapters/interludes/learning-by-experiment.qmd,337,class TinyMLP(nn.Module):,allowlist,PyTorch nn.Module or neural network module
Module,chapters/interludes/learning-by-experiment.qmd,354,"def accuracy(model: nn.Module, x: Tensor, target: Tensor) -> float:",allowlist,PyTorch nn.Module or neural network module
class,chapters/interludes/learning-by-experiment.qmd,554,"<span id=""exfig-experiment-estimands"" class=""anchor-alias""></span>",allowlist,HTML attribute in an anchor-alias span; not shown to readers
graduate continuation,chapters/interludes/learning-by-experiment.qmd,822,"For the graduate continuation, the companion volume turns this protocol into a",second-volume,refers to second volume as graduate continuation
companion volume,chapters/interludes/learning-by-experiment.qmd,822,"For the graduate continuation, the companion volume turns this protocol into a",second-volume,refers to second volume as companion volume
lab,chapters/interludes/learning-by-experiment.qmd,823,[conditional-estimator and regime diagnostic](https://shakeri-lab.github.io/opt-book/chapters/act2/13-stochastic-regimes.html#c13),second-volume,links to second volume chapter
opt-book,chapters/interludes/learning-by-experiment.qmd,823,[conditional-estimator and regime diagnostic](https://shakeri-lab.github.io/opt-book/chapters/act2/13-stochastic-regimes.html#c13),second-volume,second volume URL path
lab,chapters/interludes/learning-by-experiment.qmd,825,[Incident Card](https://shakeri-lab.github.io/opt-book/chapters/appendices/incident-card.html#app-incident).,second-volume,links to second volume chapter
opt-book,chapters/interludes/learning-by-experiment.qmd,825,[Incident Card](https://shakeri-lab.github.io/opt-book/chapters/appendices/incident-card.html#app-incident).,second-volume,second volume URL path
lecture,chapters/interludes/making-pca-learnable.qmd,3,<!-- lecture-source:,allowlist,"hidden provenance comment stripped at render, not reader-visible"
Module,chapters/interludes/making-pca-learnable.qmd,4,Module 6 spine via ~/dl-course-code/ds6050_06_autoencoders/MODULE_NOTES.md,allowlist,"hidden provenance comment stripped at render, not reader-visible"
course,chapters/interludes/making-pca-learnable.qmd,4,Module 6 spine via ~/dl-course-code/ds6050_06_autoencoders/MODULE_NOTES.md,allowlist,"hidden provenance comment stripped at render, not reader-visible"
course,chapters/interludes/making-pca-learnable.qmd,5,at course-code commit 05ed810ef6ecc1f8c81746928cdeabef7615ad01;,allowlist,"hidden provenance comment stripped at render, not reader-visible"
course,chapters/interludes/making-pca-learnable.qmd,18,from displayed equations. D2L-linked course code and external figures were not,allowlist,"hidden provenance comment stripped at render, not reader-visible"
course,chapters/interludes/making-pca-learnable.qmd,23,"we add a loop, the course takes a revealing detour: one that begins with a fixed-size",change-prose,course reference in interlude prose
class,chapters/interludes/making-pca-learnable.qmd,36,"<span id=""aefig-fixed-code-bridge"" class=""anchor-alias""></span>",allowlist,HTML attribute in an anchor-alias span; not shown to readers
Module,chapters/interludes/making-pca-learnable.qmd,183,Appendix A computes PCA from a centered singular value decomposition. Module 6 asks,change-prose,course module reference in interlude prose
class,chapters/interludes/making-pca-learnable.qmd,301,class CurveAutoencoder(nn.Module):,allowlist,"Python class definition, ML class, or hypothesis class"
Module,chapters/interludes/making-pca-learnable.qmd,301,class CurveAutoencoder(nn.Module):,allowlist,PyTorch nn.Module or neural network module
class,chapters/interludes/making-pca-learnable.qmd,389,"<span id=""aefig-linear-nonlinear-ae"" class=""anchor-alias""></span>",allowlist,HTML attribute in an anchor-alias span; not shown to readers
class,chapters/interludes/making-pca-learnable.qmd,421,"axes[1].set_title(""same bottleneck, larger map class"", color=navy, weight=""bold"")",allowlist,"Python class definition, ML class, or hypothesis class"
class,chapters/interludes/making-pca-learnable.qmd,443,nonlinearity enlarges the reconstruction class from flat subspaces to curved maps. It,allowlist,"Python class definition, ML class, or hypothesis class"
class,chapters/interludes/making-pca-learnable.qmd,512,"<span id=""aefig-decoder-ambiguity"" class=""anchor-alias""></span>",allowlist,HTML attribute in an anchor-alias span; not shown to readers
class,chapters/interludes/making-pca-learnable.qmd,664,class ConvolutionalAutoencoder(nn.Module):,allowlist,"Python class definition, ML class, or hypothesis class"
Module,chapters/interludes/making-pca-learnable.qmd,664,class ConvolutionalAutoencoder(nn.Module):,allowlist,PyTorch nn.Module or neural network module
Module,chapters/interludes/making-pca-learnable.qmd,690,"model: nn.Module, inputs: Tensor, targets: Tensor",allowlist,PyTorch nn.Module or neural network module
class,chapters/interludes/making-pca-learnable.qmd,783,"<span id=""aefig-convolutional-denoising-ae"" class=""anchor-alias""></span>",allowlist,HTML attribute in an anchor-alias span; not shown to readers
lecture,chapters/part1/01-linear-regression.qmd,3,"<!-- lecture-source: m01_lecture-1-from-linear-regression-to-neural-netwo_-bdoWPWjyTc.txt,",allowlist,"hidden provenance comment stripped at render, not reader-visible"
course,chapters/part1/01-linear-regression.qmd,7,The core task of everything we will do in this course is to teach a computer to learn a,change-prose,course reference in opening chapter prose
modules,chapters/part1/01-linear-regression.qmd,12,"in closed form, by gradient descent from scratch, and with PyTorch modules. All three",allowlist,PyTorch nn.Module or neural network module
class,chapters/part1/01-linear-regression.qmd,493,"We write the model as a small class: a forward pass, manually derived gradients",allowlist,"Python class definition, ML class, or hypothesis class"
class,chapters/part1/01-linear-regression.qmd,509,class LinearRegressionScratch:,allowlist,"Python class definition, ML class, or hypothesis class"
modules,chapters/part1/01-linear-regression.qmd,546,"modules, @sec-04-training-loss-sgd opens the optimizer, and",allowlist,PyTorch nn.Module or neural network module
module,chapters/part1/01-linear-regression.qmd,553,1. Pair a linear module with MSE and an SGD optimizer.,allowlist,PyTorch nn.Module or neural network module
module,chapters/part1/01-linear-regression.qmd,601,"titles = [""closed form"", ""scratch gradient descent"", ""PyTorch module""]",allowlist,PyTorch nn.Module or neural network module
module,chapters/part1/01-linear-regression.qmd,1081,"- When do the closed form, scratch loop, and PyTorch module represent the same estimator?",allowlist,PyTorch nn.Module or neural network module
lecture,chapters/part1/02-logistic-softmax.qmd,3,<!-- lecture-source: m01_lecture-1-from-linear-regression-to-neural-netwo_-bdoWPWjyTc.txt,allowlist,"hidden provenance comment stripped at render, not reader-visible"
class,chapters/part1/02-logistic-softmax.qmd,151,"score vector $\vect{o} = \matr{W}\vect{x} + \vect{b}$, one logit per class.",allowlist,"Python class definition, ML class, or hypothesis class"
class,chapters/part1/02-logistic-softmax.qmd,156,The linear map from an incoming representation to class scores is the **classification,allowlist,"Python class definition, ML class, or hypothesis class"
class,chapters/part1/02-logistic-softmax.qmd,233,favoring the large scores without silencing the small ones. Today the scores are class,allowlist,"Python class definition, ML class, or hypothesis class"
class,chapters/part1/02-logistic-softmax.qmd,246,"Consider the obvious way to pick a class: take the $\operatorname{argmax}$, then output a",allowlist,"Python class definition, ML class, or hypothesis class"
class,chapters/part1/02-logistic-softmax.qmd,324,"With one-hot labels $\vect{y}$ (all zeros except a 1 at the true class), the",allowlist,"Python class definition, ML class, or hypothesis class"
class,chapters/part1/02-logistic-softmax.qmd,328,"\loss_{\text{CE}} = -\sum_{j=1}^{K} y_j \log \hat{y}_j = -\log \hat{y}_{\text{true class}},",allowlist,"Python class definition, ML class, or hypothesis class"
class,chapters/part1/02-logistic-softmax.qmd,331,"the surprise at the true class, again. And the gradient repeats its trick:",allowlist,"Python class definition, ML class, or hypothesis class"
class,chapters/part1/02-logistic-softmax.qmd,361,"A one-hot label puts probability 1 on the true class, so it has no uncertainty:",allowlist,"Python class definition, ML class, or hypothesis class"
class,chapters/part1/02-logistic-softmax.qmd,420,"of which you have already met: three templates (one per class), the stable softmax, the",allowlist,"Python class definition, ML class, or hypothesis class"
class,chapters/part1/02-logistic-softmax.qmd,466,"1. Score a dense grid with the trained classifier, then fill class regions and shade by",allowlist,"Python class definition, ML class, or hypothesis class"
class,chapters/part1/02-logistic-softmax.qmd,468,2. Overlay each class's points and label the axes.,allowlist,"Python class definition, ML class, or hypothesis class"
class,chapters/part1/02-logistic-softmax.qmd,474,"#| fig-cap: ""Three templates, three linear boundaries. Color shows the predicted class; shading shows confidence (the max softmax probability): crisp deep in each region, washed out along the boundaries where classes com",allowlist,"Python class definition, ML class, or hypothesis class"
class,chapters/part1/02-logistic-softmax.qmd,493,"plt.scatter(X[y == k, 0], X[y == k, 1], s=8, c=color, label=f""class {k}"")",allowlist,"Python class definition, ML class, or hypothesis class"
lecture,chapters/part1/03-nonlinearity-mlp.qmd,3,"<!-- lecture-source: [coding]_m03_3-2-training-mlp-i_1H8vhZk8kHo.txt,",allowlist,"hidden provenance comment stripped at render, not reader-visible"
assignment,chapters/part1/03-nonlinearity-mlp.qmd,48,"## A historical scar: credit assignment, not only geometry",allowlist,credit assignment in heading
assignment,chapters/part1/03-nonlinearity-mlp.qmd,58,"output? Minsky had described this **credit assignment problem** in 1961, and he and",allowlist,credit assignment problem in neural network history
Module,chapters/part1/03-nonlinearity-mlp.qmd,95,"model: nn.Module, X: torch.Tensor, y: torch.Tensor,",allowlist,PyTorch nn.Module or neural network module
Module,chapters/part1/03-nonlinearity-mlp.qmd,97,) -> nn.Module:,allowlist,PyTorch nn.Module or neural network module
class,chapters/part1/03-nonlinearity-mlp.qmd,164,"label=f""class {cls}"")",allowlist,"Python class definition, ML class, or hypothesis class"
class,chapters/part1/03-nonlinearity-mlp.qmd,361,the target class matter. Approximation is still not generalization; that distinction,allowlist,"Python class definition, ML class, or hypothesis class"
class,chapters/part1/03-nonlinearity-mlp.qmd,395,Time to build the model properly as a reusable class.,allowlist,"Python class definition, ML class, or hypothesis class"
Module,chapters/part1/03-nonlinearity-mlp.qmd,400,"Every model you write from now on subclasses `nn.Module`, and the first line of your",allowlist,PyTorch nn.Module or neural network module
class,chapters/part1/03-nonlinearity-mlp.qmd,416,class MLP(nn.Module):,allowlist,"Python class definition, ML class, or hypothesis class"
Module,chapters/part1/03-nonlinearity-mlp.qmd,416,class MLP(nn.Module):,allowlist,PyTorch nn.Module or neural network module
class,chapters/part1/03-nonlinearity-mlp.qmd,602,"5. **The MLP is a class now** (`nn.Module`, foundation first), and it separates what",allowlist,"Python class definition, ML class, or hypothesis class"
Module,chapters/part1/03-nonlinearity-mlp.qmd,602,"5. **The MLP is a class now** (`nn.Module`, foundation first), and it separates what",allowlist,PyTorch nn.Module or neural network module
assignment,chapters/part1/03-nonlinearity-mlp.qmd,621,(1961)](https://doi.org/10.1109/JRPROC.1961.287775) describes the credit assignment,allowlist,credit assignment in literature citation
lecture,chapters/part1/04-training-loss-sgd.qmd,3,"<!-- lecture-source: m01_lecture-1-from-linear-regression-to-neural-netwo_-bdoWPWjyTc.txt (SGD half),",allowlist,"hidden provenance comment stripped at render, not reader-visible"
course,chapters/part1/04-training-loss-sgd.qmd,5,spine: ~/dl-course-code/ds6050_01_foundations/MODULE_NOTES.md (§14–23),allowlist,"hidden provenance comment stripped at render, not reader-visible"
Lecture,chapters/part1/04-training-loss-sgd.qmd,649,"- Tieleman and Hinton, “Lecture 6.5 — RMSProp,” *COURSERA: Neural Networks for",allowlist,"cited work's title (Tieleman and Hinton, Lecture 6.5); the canonical RMSProp provenance the contract audit pins"
lecture,chapters/part1/05-backpropagation.qmd,3,"<!-- lecture-source: m02_lecture-2-backpropagation_JcYMZxoxCBA.txt,",allowlist,"hidden provenance comment stripped at render, not reader-visible"
course,chapters/part1/05-backpropagation.qmd,5,spine: ~/dl-course-code/ds6050_02_autograd/MODULE_NOTES.md (§1–13; §14–18 deferred),allowlist,"hidden provenance comment stripped at render, not reader-visible"
assignment,chapters/part1/05-backpropagation.qmd,17,That is the credit assignment problem.,allowlist,credit assignment problem in backpropagation
lab,chapters/part1/05-backpropagation.qmd,89,"for (xl, xr, pl, pr), lab in zip(gaps, local):",allowlist,Python variable name for plot label
lab,chapters/part1/05-backpropagation.qmd,92,"ax.text((xl + pl + xr - pr) / 2, yb + 0.2, lab, ha=""center"", va=""bottom"",",allowlist,Python variable name for plot label
Lab,chapters/part1/05-backpropagation.qmd,477,[third-party notices](https://github.com/Shakeri-Lab/dl-book/blob/main/THIRD_PARTY_NOTICES.md).,allowlist,organization name in GitHub repository URL
class,chapters/part1/05-backpropagation.qmd,488,class Value:,allowlist,"Python class definition, ML class, or hypothesis class"
Module,chapters/part1/05-backpropagation.qmd,761,"activation: type[nn.Module], depth: int = 30, width: int = 64",allowlist,PyTorch nn.Module or neural network module
Making It Trainable,chapters/part1/05-backpropagation.qmd,953,"- Shakeri, *Deep Learning: Making It Trainable*, Chapter 11,",second-volume,cites second volume in reading list
lab,chapters/part1/05-backpropagation.qmd,954,"[""The Gradient Has a Memory: Reverse Accumulation and Checkpointing""](https://shakeri-lab.github.io/opt-book/chapters/act2/11-reverse-accumulation.html#c11)",second-volume,links to second volume chapter
opt-book,chapters/part1/05-backpropagation.qmd,954,"[""The Gradient Has a Memory: Reverse Accumulation and Checkpointing""](https://shakeri-lab.github.io/opt-book/chapters/act2/11-reverse-accumulation.html#c11)",second-volume,second volume URL path
companion volume,chapters/part1/05-backpropagation.qmd,955,(2026): the companion volume's graduate treatment of reverse accumulation as a memory,second-volume,refers to second volume as companion volume
class,chapters/part1/05-backpropagation.qmd,968,3. **(Code.)** Extend the `Value` class with `tanh` and use it to train the one-neuron,allowlist,"Python class definition, ML class, or hypothesis class"
lecture,chapters/part1/06-generalization-inductive-bias.qmd,3,"<!-- lecture-source: m04_lecture-4-convolutional-neural-networks-cnns_s6xDEvdz3tY.txt (opening),",allowlist,"hidden provenance comment stripped at render, not reader-visible"
course,chapters/part1/06-generalization-inductive-bias.qmd,9,Part I has given us everything a course could promise:,change-prose,course reference in chapter opening prose
Module,chapters/part1/06-generalization-inductive-bias.qmd,67,) -> nn.Module:,allowlist,PyTorch nn.Module or neural network module
Module,chapters/part1/06-generalization-inductive-bias.qmd,76,"def accuracy(net: nn.Module, X: torch.Tensor, y: torch.Tensor) -> float:",allowlist,PyTorch nn.Module or neural network module
class,chapters/part1/06-generalization-inductive-bias.qmd,384,coordinate by the same rule. The hypothesis class is closed under all $784!$,allowlist,"Python class definition, ML class, or hypothesis class"
class,chapters/part1/06-generalization-inductive-bias.qmd,561,"its class, let $T$ be a random label-preserving transformation drawn from a declared",allowlist,"Python class definition, ML class, or hypothesis class"
class,chapters/part1/06-generalization-inductive-bias.qmd,685,scored well on clean held-out data while its hypothesis class showed no adjacency,allowlist,"Python class definition, ML class, or hypothesis class"
class,chapters/part1/06-generalization-inductive-bias.qmd,714,"the softmax probability of one class approaches 1. Hein, Andriushchenko, and Bitterwolf",allowlist,"Python class definition, ML class, or hypothesis class"
lecture,chapters/part2/07-filters-convolution.qmd,3,<!-- lecture-source: m04_lecture-4-convolutional-neural-networks-cnns_s6xDEvdz3tY.txt,allowlist,"hidden provenance comment stripped at render, not reader-visible"
lecture,chapters/part2/08-cnn.qmd,3,"<!-- lecture-source: m04_lecture-4-convolutional-neural-networks-cnns_s6xDEvdz3tY.txt (spine #13–18),",allowlist,"hidden provenance comment stripped at render, not reader-visible"
modules,chapters/part2/08-cnn.qmd,286,"A useful analogy: `nn` modules are *appliances*: they have knobs and memory, and",allowlist,PyTorch nn.Module or neural network module
lab,chapters/part2/08-cnn.qmd,462,"for size, color, lab in [(5, ""#E57200"", ""conv1: 5×5""),",allowlist,Python variable name for plot label
lab,chapters/part2/08-cnn.qmd,467,"lw=2, edgecolor=color, label=lab))",allowlist,Python variable name for plot label
class,chapters/part2/08-cnn.qmd,500,class LeNet(nn.Module):,allowlist,"Python class definition, ML class, or hypothesis class"
Module,chapters/part2/08-cnn.qmd,500,class LeNet(nn.Module):,allowlist,PyTorch nn.Module or neural network module
Module,chapters/part2/08-cnn.qmd,601,) -> nn.Module:,allowlist,PyTorch nn.Module or neural network module
Module,chapters/part2/08-cnn.qmd,609,"def accuracy(model: nn.Module, X: torch.Tensor, y: torch.Tensor) -> float:",allowlist,PyTorch nn.Module or neural network module
class,chapters/part2/08-cnn.qmd,828,"\times 28$: verify every shape comment in the `LeNet` class, then verify the",allowlist,"Python class definition, ML class, or hypothesis class"
lecture,chapters/part2/09-modern-cnns-transfer.qmd,3,<!-- lecture-source: m05_lecture-5-modern-cnn-architectures-and-transfer-_-R64Wg5Sgsc.txt,allowlist,"hidden provenance comment stripped at render, not reader-visible"
lecture,chapters/part2/09-modern-cnns-transfer.qmd,5,m04 lecture spine #19 (transfer intro),allowlist,"hidden provenance comment stripped at render, not reader-visible"
Lecture,chapters/part2/09-modern-cnns-transfer.qmd,7,"4- Lecture CNN/assignment/cnn_assignment.py (course assignment, referenced)",allowlist,"hidden provenance comment stripped at render, not reader-visible"
assignment,chapters/part2/09-modern-cnns-transfer.qmd,7,"4- Lecture CNN/assignment/cnn_assignment.py (course assignment, referenced)",allowlist,"hidden provenance comment stripped at render, not reader-visible"
course,chapters/part2/09-modern-cnns-transfer.qmd,7,"4- Lecture CNN/assignment/cnn_assignment.py (course assignment, referenced)",allowlist,"hidden provenance comment stripped at render, not reader-visible"
assignment,chapters/part2/09-modern-cnns-transfer.qmd,7,"4- Lecture CNN/assignment/cnn_assignment.py (course assignment, referenced)",allowlist,"hidden provenance comment stripped at render, not reader-visible"
Module,chapters/part2/09-modern-cnns-transfer.qmd,8,note: sources/4.3-NextGenCNN.tex names DenseNet in the Module 5 architecture,allowlist,"hidden provenance comment stripped at render, not reader-visible"
Module,chapters/part2/09-modern-cnns-transfer.qmd,77,"model: nn.Module, opt: torch.optim.Optimizer, epochs: int,",allowlist,PyTorch nn.Module or neural network module
Module,chapters/part2/09-modern-cnns-transfer.qmd,80,) -> nn.Module:,allowlist,PyTorch nn.Module or neural network module
Module,chapters/part2/09-modern-cnns-transfer.qmd,93,"def train_model(model_fn: Callable[[], nn.Module], epochs: int,",allowlist,PyTorch nn.Module or neural network module
Module,chapters/part2/09-modern-cnns-transfer.qmd,95,"data: tuple[torch.Tensor, torch.Tensor] | None = None) -> nn.Module:",allowlist,PyTorch nn.Module or neural network module
Module,chapters/part2/09-modern-cnns-transfer.qmd,103,"def accuracy(model: nn.Module, X: torch.Tensor, y: torch.Tensor) -> float:",allowlist,PyTorch nn.Module or neural network module
Module,chapters/part2/09-modern-cnns-transfer.qmd,107,def count(model: nn.Module) -> int:,allowlist,PyTorch nn.Module or neural network module
Module,chapters/part2/09-modern-cnns-transfer.qmd,289,"def atom(c_in: int, c_out: int) -> list[nn.Module]:",allowlist,PyTorch nn.Module or neural network module
class,chapters/part2/09-modern-cnns-transfer.qmd,293,class VGGSmall(nn.Module):,allowlist,"Python class definition, ML class, or hypothesis class"
Module,chapters/part2/09-modern-cnns-transfer.qmd,293,class VGGSmall(nn.Module):,allowlist,PyTorch nn.Module or neural network module
Module,chapters/part2/09-modern-cnns-transfer.qmd,363,"def nin_block(c_in: int, c_out: int) -> list[nn.Module]:",allowlist,PyTorch nn.Module or neural network module
class,chapters/part2/09-modern-cnns-transfer.qmd,369,class NINSmall(nn.Module):,allowlist,"Python class definition, ML class, or hypothesis class"
Module,chapters/part2/09-modern-cnns-transfer.qmd,369,class NINSmall(nn.Module):,allowlist,PyTorch nn.Module or neural network module
class,chapters/part2/09-modern-cnns-transfer.qmd,431,class LeNet(nn.Module):,allowlist,"Python class definition, ML class, or hypothesis class"
Module,chapters/part2/09-modern-cnns-transfer.qmd,431,class LeNet(nn.Module):,allowlist,PyTorch nn.Module or neural network module
course,chapters/part2/09-modern-cnns-transfer.qmd,505,walks the arithmetic and the course assignment has you build the block itself.,change-prose,course reference in architecture prose
assignment,chapters/part2/09-modern-cnns-transfer.qmd,505,walks the arithmetic and the course assignment has you build the block itself.,change-prose,assignment reference in architecture prose
Module,chapters/part2/09-modern-cnns-transfer.qmd,508,<!-- NOVEL: needs sign-off - concise DenseNet bridge requested for Module 5 alignment. -->,allowlist,"hidden provenance comment stripped at render, not reader-visible"
non-examinable,chapters/part2/09-modern-cnns-transfer.qmd,510,## Architecture bridge (non-examinable): DenseNet concatenates the history,change-heading,non-examinable heading per I3
class,chapters/part2/09-modern-cnns-transfer.qmd,547,class Block(nn.Module):,allowlist,"Python class definition, ML class, or hypothesis class"
Module,chapters/part2/09-modern-cnns-transfer.qmd,547,class Block(nn.Module):,allowlist,PyTorch nn.Module or neural network module
class,chapters/part2/09-modern-cnns-transfer.qmd,559,class DeepNet(nn.Module):,allowlist,"Python class definition, ML class, or hypothesis class"
Module,chapters/part2/09-modern-cnns-transfer.qmd,559,class DeepNet(nn.Module):,allowlist,PyTorch nn.Module or neural network module
class,chapters/part2/09-modern-cnns-transfer.qmd,687,class PlainNoBN(nn.Module):,allowlist,"Python class definition, ML class, or hypothesis class"
Module,chapters/part2/09-modern-cnns-transfer.qmd,687,class PlainNoBN(nn.Module):,allowlist,PyTorch nn.Module or neural network module
Module,chapters/part2/09-modern-cnns-transfer.qmd,701,"make_net: Callable[[], nn.Module],",allowlist,PyTorch nn.Module or neural network module
class,chapters/part2/09-modern-cnns-transfer.qmd,885,class Trunk(nn.Module):,allowlist,"Python class definition, ML class, or hypothesis class"
Module,chapters/part2/09-modern-cnns-transfer.qmd,885,class Trunk(nn.Module):,allowlist,PyTorch nn.Module or neural network module
class,chapters/part2/09-modern-cnns-transfer.qmd,940,"1. Set `K = 10`, the labeled images per shoe class, and start an empty `rows` list.",allowlist,"Python class definition, ML class, or hypothesis class"
class,chapters/part2/09-modern-cnns-transfer.qmd,997,there is little room for imported knowledge to pay rent. The full ten-class task,allowlist,"Python class definition, ML class, or hypothesis class"
course,chapters/part2/09-modern-cnns-transfer.qmd,1072,"224 pixels and 18 landmark classes (the course assignment), all three hold, and",change-prose,course reference in experiment prose
assignment,chapters/part2/09-modern-cnns-transfer.qmd,1072,"224 pixels and 18 landmark classes (the course assignment), all three hold, and",change-prose,assignment reference in experiment prose
class,chapters/part2/09-modern-cnns-transfer.qmd,1086,"2. Sample `K` images per shoe class and apply `prep`, then load ImageNet SqueezeNet and",allowlist,"Python class definition, ML class, or hypothesis class"
class,chapters/part2/09-modern-cnns-transfer.qmd,1087,add a 3-class head.,allowlist,"Python class definition, ML class, or hypothesis class"
continue in,chapters/part2/09-modern-cnns-transfer.qmd,1167,continue in,second-volume,phrases second volume as continue in per I2
lab,chapters/part2/09-modern-cnns-transfer.qmd,1168,[*Normalization Chooses an Invariance*](https://shakeri-lab.github.io/opt-book/chapters/act2/15-normalization.html#c15).,second-volume,links to second volume chapter
opt-book,chapters/part2/09-modern-cnns-transfer.qmd,1168,[*Normalization Chooses an Invariance*](https://shakeri-lab.github.io/opt-book/chapters/act2/15-normalization.html#c15).,second-volume,second volume URL path
module,chapters/part2/09-modern-cnns-transfer.qmd,1249,"interlude's BatchNorm module. Then delete the two coupling terms deliberately,",allowlist,PyTorch nn.Module or neural network module
lecture,chapters/part3/10-sequences-rnn.qmd,3,"<!-- lecture-source: m07_lecture-7-recurrent-neural-networks_qyU35PKg_NE.txt,",allowlist,"hidden provenance comment stripped at render, not reader-visible"
course,chapters/part3/10-sequences-rnn.qmd,10,historical bridge: machine-local course seed,allowlist,"hidden provenance comment stripped at render, not reader-visible"
Module,chapters/part3/10-sequences-rnn.qmd,11,"LaTeX/Module 8,9-Transformer/8.L.word2vec.tex",allowlist,"hidden provenance comment stripped at render, not reader-visible"
Module,chapters/part3/10-sequences-rnn.qmd,13,harvested bridge: @sec-interlude-autoencoders restores Module 6's intended,allowlist,"hidden provenance comment stripped at render, not reader-visible"
Module,chapters/part3/10-sequences-rnn.qmd,253,"def grad_at_first_input(rec: nn.Module, lags: list[int],",allowlist,PyTorch nn.Module or neural network module
class,chapters/part3/10-sequences-rnn.qmd,506,class SeqClassifier(nn.Module):,allowlist,"Python class definition, ML class, or hypothesis class"
Module,chapters/part3/10-sequences-rnn.qmd,506,class SeqClassifier(nn.Module):,allowlist,PyTorch nn.Module or neural network module
Module,chapters/part3/10-sequences-rnn.qmd,544,"probe_nets: dict[str, nn.Module] = {}                # kept for the diagnostic below",allowlist,PyTorch nn.Module or neural network module
module,chapters/part3/10-sequences-rnn.qmd,614,"out_ref, _ = lstm(X_probe)                        # replay must match the module",allowlist,PyTorch nn.Module or neural network module
module,chapters/part3/10-sequences-rnn.qmd,634,"guarantees it reproduces the module's own output), so the curves are the model's",allowlist,PyTorch nn.Module or neural network module
course,chapters/part3/10-sequences-rnn.qmd,672,<!-- NOVEL: needs sign-off - concise historical bridge requested in the course review. -->,allowlist,"hidden provenance comment stripped at render, not reader-visible"
non-examinable,chapters/part3/10-sequences-rnn.qmd,674,## Historical bridge (non-examinable): before contextual states,change-heading,non-examinable heading per I3
module,chapters/part3/10-sequences-rnn.qmd,707,4. Define the `CharLSTM` module.,allowlist,PyTorch nn.Module or neural network module
class,chapters/part3/10-sequences-rnn.qmd,735,class CharLSTM(nn.Module):,allowlist,"Python class definition, ML class, or hypothesis class"
Module,chapters/part3/10-sequences-rnn.qmd,735,class CharLSTM(nn.Module):,allowlist,PyTorch nn.Module or neural network module
module,chapters/part3/10-sequences-rnn.qmd,753,chunk boundaries. The listing lives in the support module as tested source,allowlist,PyTorch nn.Module or neural network module
lecture,chapters/part3/11-encoder-decoder.qmd,3,<!-- lecture-source: m06_lecture-6-encoder-decoder-architectures_XxePU8jubto.txt,allowlist,"hidden provenance comment stripped at render, not reader-visible"
course,chapters/part3/11-encoder-decoder.qmd,139,"Three special tokens run the show, the same conventions as the course's full",change-prose,course reference in token convention explanation
class,chapters/part3/11-encoder-decoder.qmd,164,class Seq2Seq(nn.Module):,allowlist,"Python class definition, ML class, or hypothesis class"
Module,chapters/part3/11-encoder-decoder.qmd,164,class Seq2Seq(nn.Module):,allowlist,PyTorch nn.Module or neural network module
lecture,chapters/part3/11-encoder-decoder.qmd,552,"<!-- lecture-source: Video_lectures/6050-Ch11/lecture.jsx, SGreedyTree;",allowlist,"hidden provenance comment stripped at render, not reader-visible"
lecture,chapters/part3/11-encoder-decoder.qmd,552,"<!-- lecture-source: Video_lectures/6050-Ch11/lecture.jsx, SGreedyTree;",allowlist,"hidden provenance comment stripped at render, not reader-visible"
lecture,chapters/part4/12-kernel-regression.qmd,3,<!-- lecture-source: m08_lecture-8-attention-mechanism-part-1_8WBIyiaW7Cc.txt,allowlist,"hidden provenance comment stripped at render, not reader-visible"
lecture,chapters/part4/13-attention.qmd,3,<!-- lecture-source:,allowlist,"hidden provenance comment stripped at render, not reader-visible"
lecture,chapters/part4/13-attention.qmd,14,implementation from the lecture equations and Chapter 11 architecture.,allowlist,"hidden provenance comment stripped at render, not reader-visible"
lecture,chapters/part4/13-attention.qmd,16,sources/README.md and were not used. The coding lecture omitted the,allowlist,"hidden provenance comment stripped at render, not reader-visible"
class,chapters/part4/13-attention.qmd,756,class LearnedAlignment(nn.Module):,allowlist,"Python class definition, ML class, or hypothesis class"
Module,chapters/part4/13-attention.qmd,756,class LearnedAlignment(nn.Module):,allowlist,PyTorch nn.Module or neural network module
class,chapters/part4/13-attention.qmd,779,class AttentiveSeq2Seq(nn.Module):,allowlist,"Python class definition, ML class, or hypothesis class"
Module,chapters/part4/13-attention.qmd,779,class AttentiveSeq2Seq(nn.Module):,allowlist,PyTorch nn.Module or neural network module
lecture,chapters/part4/14-self-attention-transformer.qmd,3,<!-- lecture-source:,allowlist,"hidden provenance comment stripped at render, not reader-visible"
module,chapters/part4/14-self-attention-transformer.qmd,7,that module's Manim source),allowlist,"hidden provenance comment stripped at render, not reader-visible"
module,chapters/part4/14-self-attention-transformer.qmd,471,1. Define the `CausalMultiHeadAttention` module.,allowlist,PyTorch nn.Module or neural network module
module,chapters/part4/14-self-attention-transformer.qmd,472,"2. Fix the seed, run 12 random width-32 tokens through a 4-head module, and build the",allowlist,PyTorch nn.Module or neural network module
class,chapters/part4/14-self-attention-transformer.qmd,486,class CausalMultiHeadAttention(nn.Module):,allowlist,"Python class definition, ML class, or hypothesis class"
Module,chapters/part4/14-self-attention-transformer.qmd,486,class CausalMultiHeadAttention(nn.Module):,allowlist,PyTorch nn.Module or neural network module
class,chapters/part4/14-self-attention-transformer.qmd,939,class HistoricalCharLSTM(nn.Module):,allowlist,"Python class definition, ML class, or hypothesis class"
Module,chapters/part4/14-self-attention-transformer.qmd,939,class HistoricalCharLSTM(nn.Module):,allowlist,PyTorch nn.Module or neural network module
class,chapters/part4/14-self-attention-transformer.qmd,975,class TransformerBlock(nn.Module):,allowlist,"Python class definition, ML class, or hypothesis class"
Module,chapters/part4/14-self-attention-transformer.qmd,975,class TransformerBlock(nn.Module):,allowlist,PyTorch nn.Module or neural network module
class,chapters/part4/14-self-attention-transformer.qmd,995,class TinyTransformerLM(nn.Module):,allowlist,"Python class definition, ML class, or hypothesis class"
Module,chapters/part4/14-self-attention-transformer.qmd,995,class TinyTransformerLM(nn.Module):,allowlist,PyTorch nn.Module or neural network module
Module,chapters/part4/14-self-attention-transformer.qmd,1137,") -> tuple[nn.Module, list[tuple[int, float]]]:",allowlist,PyTorch nn.Module or neural network module
Module,chapters/part4/14-self-attention-transformer.qmd,1149,"net: nn.Module,",allowlist,PyTorch nn.Module or neural network module
course,chapters/part4/14-self-attention-transformer.qmd,1375,<!-- NOVEL: needs sign-off - concise generation bridge requested in the course review. -->,allowlist,"hidden provenance comment stripped at render, not reader-visible"
non-examinable,chapters/part4/14-self-attention-transformer.qmd,1377,## Practice bridge (non-examinable): decoding is another model choice,change-heading,non-examinable heading per I3
companion volume,chapters/part4/14-self-attention-transformer.qmd,1467,companion volume's [*Beyond This Volume*,second-volume,refers to second volume as companion volume
lab,chapters/part4/14-self-attention-transformer.qmd,1468,route](https://shakeri-lab.github.io/opt-book/chapters/beyond-this-volume.html#beyond).,second-volume,links to second volume route
opt-book,chapters/part4/14-self-attention-transformer.qmd,1468,route](https://shakeri-lab.github.io/opt-book/chapters/beyond-this-volume.html#beyond).,second-volume,second volume URL path
lecture,chapters/part4/15-bert-pretraining.qmd,3,<!-- lecture-source:,allowlist,"hidden provenance comment stripped at render, not reader-visible"
module,chapters/part4/15-bert-pretraining.qmd,6,checked against that module's Manim source),allowlist,"hidden provenance comment stripped at render, not reader-visible"
course,chapters/part4/15-bert-pretraining.qmd,8,subword bridge: machine-local course seed,allowlist,"hidden provenance comment stripped at render, not reader-visible"
Module,chapters/part4/15-bert-pretraining.qmd,9,"LaTeX/Module 8,9-Transformer/8S.tex, BPE section only;",allowlist,"hidden provenance comment stripped at render, not reader-visible"
lecture,chapters/part4/15-bert-pretraining.qmd,18,The lecture scene depicts a frozen Transformer; the chapter corrects that,allowlist,"hidden provenance comment stripped at render, not reader-visible"
lab,chapters/part4/15-bert-pretraining.qmd,374,RoBERTa later redrew masks as examples were presented. Our controlled lab uses the,change-prose,frames chapter experiment as lab
course,chapters/part4/15-bert-pretraining.qmd,400,<!-- NOVEL: needs sign-off - original BPE mechanism bridge requested in the course review. -->,allowlist,"hidden provenance comment stripped at render, not reader-visible"
non-examinable,chapters/part4/15-bert-pretraining.qmd,402,## Practice bridge (non-examinable): make the vocabulary learnable,change-heading,non-examinable heading per I3
non-examinable,chapters/part4/15-bert-pretraining.qmd,468,## Reading the learned pieces (non-examinable),change-heading,non-examinable heading per I3
assignment,chapters/part4/15-bert-pretraining.qmd,511,"the `[CLS]` state predicted which kind it saw, its direct pretraining assignment.",allowlist,pretraining objective role assignment
assignment,chapters/part4/15-bert-pretraining.qmd,521,"`[CLS]` is an ordinary learned token with an unusual assignment: place it first,",allowlist,token role assignment in model design
class,chapters/part4/15-bert-pretraining.qmd,594,"(4.45, ""sequence head\n$h_{CLS} \\to$ class""),",allowlist,"Python class definition, ML class, or hypothesis class"
lab,chapters/part4/15-bert-pretraining.qmd,624,## A controlled transfer lab,change-heading,frames experiment section heading as lab
lab,chapters/part4/15-bert-pretraining.qmd,633,"The replacement lab is synthetic by design. It removes spelling, frequency, and",change-prose,frames chapter experiment as lab
assignment,chapters/part4/15-bert-pretraining.qmd,641,families. Family assignment is independent of spelling. Forty *covered* strings (20,allowlist,synthetic category assignment in experiment
lab,chapters/part4/15-bert-pretraining.qmd,656,"#| fig-cap: ""The controlled transfer lab makes source exposure and downstream evaluation separate, auditable choices. Family is independent of spelling. Only the 40 covered types enter MLM inputs, random replacements, or",change-caption,figure caption frames experiment as lab
lab,chapters/part4/15-bert-pretraining.qmd,831,Read @fig-bert-lab-design from top to bottom. Source exposure is decided before,change-prose,frames chapter experiment as lab
lab,chapters/part4/15-bert-pretraining.qmd,851,"1. Fix the lab constants, draw 80 four-letter strings, split them by family and",change-prose,frames chapter experiment as lab
lab,chapters/part4/15-bert-pretraining.qmd,966,"distribution, a smooth, input-dependent gate used by original BERT. The lab omits",change-prose,frames chapter experiment as lab
class,chapters/part4/15-bert-pretraining.qmd,985,class FullAttention(nn.Module):,allowlist,"Python class definition, ML class, or hypothesis class"
Module,chapters/part4/15-bert-pretraining.qmd,985,class FullAttention(nn.Module):,allowlist,PyTorch nn.Module or neural network module
class,chapters/part4/15-bert-pretraining.qmd,1010,class EncoderBlock(nn.Module):,allowlist,"Python class definition, ML class, or hypothesis class"
Module,chapters/part4/15-bert-pretraining.qmd,1010,class EncoderBlock(nn.Module):,allowlist,PyTorch nn.Module or neural network module
class,chapters/part4/15-bert-pretraining.qmd,1028,class TinyBertEncoder(nn.Module):,allowlist,"Python class definition, ML class, or hypothesis class"
Module,chapters/part4/15-bert-pretraining.qmd,1028,class TinyBertEncoder(nn.Module):,allowlist,PyTorch nn.Module or neural network module
class,chapters/part4/15-bert-pretraining.qmd,1055,class MaskedLanguageModel(nn.Module):,allowlist,"Python class definition, ML class, or hypothesis class"
Module,chapters/part4/15-bert-pretraining.qmd,1055,class MaskedLanguageModel(nn.Module):,allowlist,PyTorch nn.Module or neural network module
class,chapters/part4/15-bert-pretraining.qmd,1196,class WordClassifier(nn.Module):,allowlist,"Python class definition, ML class, or hypothesis class"
Module,chapters/part4/15-bert-pretraining.qmd,1196,class WordClassifier(nn.Module):,allowlist,PyTorch nn.Module or neural network module
lab,chapters/part4/15-bert-pretraining.qmd,1431,"#| fig-cap: ""Five paired end-to-end seeds in the synthetic transfer lab. MLM initialization separates covered latent families and improves every covered-type comparison (left and center); both arms stay near chance on in",change-caption,figure caption frames experiment as lab
lab,chapters/part4/15-bert-pretraining.qmd,1725,5. **The controlled lab closes the transfer loop at toy scale.** Across five full,change-prose,takeaway bullet frames experiment as lab
lab,chapters/part4/15-bert-pretraining.qmd,1766,frozen encoder probe with full fine-tuning in the generated-token lab. Match head,change-prose,exercise frames experiment as lab
lab,chapters/part4/15-bert-pretraining.qmd,1778,**(Code.)** Score minimal sentence pairs from the controlled lab by masking each,change-prose,exercise frames experiment as lab
lecture,chapters/part4/16-vit-scaling.qmd,3,<!-- lecture-source:,allowlist,"hidden provenance comment stripped at render, not reader-visible"
module,chapters/part4/16-vit-scaling.qmd,7,checked against that module's Manim source),allowlist,"hidden provenance comment stripped at render, not reader-visible"
lecture,chapters/part4/16-vit-scaling.qmd,16,not reproduced. Numerical claims from the lecture notes were re-derived against,allowlist,"hidden provenance comment stripped at render, not reader-visible"
class,chapters/part4/16-vit-scaling.qmd,247,head reads its $d$ coordinates and produces class logits. The original ViT,allowlist,"Python class definition, ML class, or hypothesis class"
class,chapters/part4/16-vit-scaling.qmd,248,appendix found that class-token and global-average-pooling heads worked similarly,allowlist,"Python class definition, ML class, or hypothesis class"
class,chapters/part4/16-vit-scaling.qmd,346,class MultiHeadSelfAttention(nn.Module):,allowlist,"Python class definition, ML class, or hypothesis class"
Module,chapters/part4/16-vit-scaling.qmd,346,class MultiHeadSelfAttention(nn.Module):,allowlist,PyTorch nn.Module or neural network module
class,chapters/part4/16-vit-scaling.qmd,367,class EncoderBlock(nn.Module):,allowlist,"Python class definition, ML class, or hypothesis class"
Module,chapters/part4/16-vit-scaling.qmd,367,class EncoderBlock(nn.Module):,allowlist,PyTorch nn.Module or neural network module
class,chapters/part4/16-vit-scaling.qmd,382,class TinyViT(nn.Module):,allowlist,"Python class definition, ML class, or hypothesis class"
Module,chapters/part4/16-vit-scaling.qmd,382,class TinyViT(nn.Module):,allowlist,PyTorch nn.Module or neural network module
class,chapters/part4/16-vit-scaling.qmd,408,class TinyCNN(nn.Module):,allowlist,"Python class definition, ML class, or hypothesis class"
Module,chapters/part4/16-vit-scaling.qmd,408,class TinyCNN(nn.Module):,allowlist,PyTorch nn.Module or neural network module
module,chapters/part4/16-vit-scaling.qmd,426,def _xavier_init(module: nn.Module) -> None:,allowlist,PyTorch nn.Module or neural network module
Module,chapters/part4/16-vit-scaling.qmd,426,def _xavier_init(module: nn.Module) -> None:,allowlist,PyTorch nn.Module or neural network module
module,chapters/part4/16-vit-scaling.qmd,427,"if isinstance(module, (nn.Linear, nn.Conv2d)):",allowlist,PyTorch nn.Module or neural network module
module,chapters/part4/16-vit-scaling.qmd,428,nn.init.xavier_uniform_(module.weight),allowlist,PyTorch nn.Module or neural network module
module,chapters/part4/16-vit-scaling.qmd,429,if module.bias is not None:,allowlist,PyTorch nn.Module or neural network module
module,chapters/part4/16-vit-scaling.qmd,430,nn.init.zeros_(module.bias),allowlist,PyTorch nn.Module or neural network module
Module,chapters/part4/16-vit-scaling.qmd,433,def count_parameters(model: nn.Module) -> int:,allowlist,PyTorch nn.Module or neural network module
Module,chapters/part4/16-vit-scaling.qmd,487,) -> nn.Module:,allowlist,PyTorch nn.Module or neural network module
Module,chapters/part4/16-vit-scaling.qmd,508,"def accuracy(model: nn.Module, x: torch.Tensor, y: torch.Tensor) -> float:",allowlist,PyTorch nn.Module or neural network module
student,chapters/part4/16-vit-scaling.qmd,769,| Training signal | DeiT | Strong augmentation and a convolutional teacher improve data efficiency without changing the student's basic patch encoder |,allowlist,DeiT distilled student model
Students,chapters/part4/16-vit-scaling.qmd,772,does not replace the ground-truth label. Students can become better than the,change-prose,course student analogy in DeiT discussion
instructor,chapters/part4/16-vit-scaling.qmd,773,"instructor: they listen, see other evidence, and decide for themselves. In DeiT's",change-prose,instructor reference per I5
class,chapters/part4/16-vit-scaling.qmd,775,class while `[CLS]` learns from the true class; the two heads are combined at,allowlist,"Python class definition, ML class, or hypothesis class"
class,chapters/part4/16-vit-scaling.qmd,775,class while `[CLS]` learns from the true class; the two heads are combined at,allowlist,"Python class definition, ML class, or hypothesis class"
student,chapters/part4/16-vit-scaling.qmd,776,"inference. The teacher changes supervision, not the identity of the student.",allowlist,DeiT distilled student model
class,chapters/part4/16-vit-scaling.qmd,1308,"before and after scaling; report NLL, ECE, accuracy, and the fraction of class",allowlist,"Python class definition, ML class, or hypothesis class"
class,chapters/part4/16-vit-scaling.qmd,1309,rankings that changed. Verify numerically that dividing every class logit by the,allowlist,"Python class definition, ML class, or hypothesis class"
class,chapters/part4/16-vit-scaling.qmd,1314,predicted class.,allowlist,"Python class definition, ML class, or hypothesis class"
lecture,chapters/part5/17-peft-quantization.qmd,3,<!-- lecture-source:,allowlist,"hidden provenance comment stripped at render, not reader-visible"
Module,chapters/part5/17-peft-quantization.qmd,4,Module 11 is slide-only; the prose spine comes from the instructor's detailed,allowlist,"hidden provenance comment stripped at render, not reader-visible"
instructor,chapters/part5/17-peft-quantization.qmd,4,Module 11 is slide-only; the prose spine comes from the instructor's detailed,allowlist,"hidden provenance comment stripped at render, not reader-visible"
course,chapters/part5/17-peft-quantization.qmd,7,course-lab bridge: machine-local LaTeX/Module 11/11.5 gemma.tex; package and,allowlist,"hidden provenance comment stripped at render, not reader-visible"
lab,chapters/part5/17-peft-quantization.qmd,7,course-lab bridge: machine-local LaTeX/Module 11/11.5 gemma.tex; package and,allowlist,"hidden provenance comment stripped at render, not reader-visible"
Module,chapters/part5/17-peft-quantization.qmd,7,course-lab bridge: machine-local LaTeX/Module 11/11.5 gemma.tex; package and,allowlist,"hidden provenance comment stripped at render, not reader-visible"
lab,chapters/part5/17-peft-quantization.qmd,8,"model identifiers are treated as a supplied lab snapshot,",allowlist,"hidden provenance comment stripped at render, not reader-visible"
class,chapters/part5/17-peft-quantization.qmd,283,class ContextLearner(nn.Module):,allowlist,"Python class definition, ML class, or hypothesis class"
Module,chapters/part5/17-peft-quantization.qmd,283,class ContextLearner(nn.Module):,allowlist,PyTorch nn.Module or neural network module
Module,chapters/part5/17-peft-quantization.qmd,314,"model: nn.Module, seed: int, n: int = 8192",allowlist,PyTorch nn.Module or neural network module
module,chapters/part5/17-peft-quantization.qmd,522,This module adds $2dd_b+d+d_b$ parameters. **BitFit** takes the selective-update idea to an,allowlist,PyTorch nn.Module or neural network module
course,chapters/part5/17-peft-quantization.qmd,579,<!-- NOVEL: needs sign-off - concise course-lab bridge requested in the review. -->,allowlist,"hidden provenance comment stripped at render, not reader-visible"
lab,chapters/part5/17-peft-quantization.qmd,579,<!-- NOVEL: needs sign-off - concise course-lab bridge requested in the review. -->,allowlist,"hidden provenance comment stripped at render, not reader-visible"
Course,chapters/part5/17-peft-quantization.qmd,581,## Course-lab bridge (non-examinable): read PEFT through the algebra,change-heading,course vocabulary in section heading
lab,chapters/part5/17-peft-quantization.qmd,581,## Course-lab bridge (non-examinable): read PEFT through the algebra,change-heading,lab vocabulary in section heading
non-examinable,chapters/part5/17-peft-quantization.qmd,581,## Course-lab bridge (non-examinable): read PEFT through the algebra,change-heading,non-examinable heading per I3
Module,chapters/part5/17-peft-quantization.qmd,583,Module 11's supplied Gemma/PEFT lab expresses @eq-lora-delta through a package,change-prose,course module reference in peft prose
lab,chapters/part5/17-peft-quantization.qmd,583,Module 11's supplied Gemma/PEFT lab expresses @eq-lora-delta through a package,change-prose,references course lab in prose
lab,chapters/part5/17-peft-quantization.qmd,592,"If the lab targets “all linear” modules, do not infer the adapter size from that",change-prose,references course lab in prose
modules,chapters/part5/17-peft-quantization.qmd,592,"If the lab targets “all linear” modules, do not infer the adapter size from that",allowlist,PyTorch nn.Module or neural network module
module,chapters/part5/17-peft-quantization.qmd,593,"phrase. Inspect the selected module names and shapes, sum @eq-lora-count over exactly",allowlist,PyTorch nn.Module or neural network module
lab,chapters/part5/17-peft-quantization.qmd,600,"When the lab also stores the base on a quantization grid, the result is QLoRA, not a",change-prose,references course lab in prose
class,chapters/part5/17-peft-quantization.qmd,755,class FullUpdate(nn.Module):,allowlist,"Python class definition, ML class, or hypothesis class"
Module,chapters/part5/17-peft-quantization.qmd,755,class FullUpdate(nn.Module):,allowlist,PyTorch nn.Module or neural network module
class,chapters/part5/17-peft-quantization.qmd,764,class LoRAUpdate(nn.Module):,allowlist,"Python class definition, ML class, or hypothesis class"
Module,chapters/part5/17-peft-quantization.qmd,764,class LoRAUpdate(nn.Module):,allowlist,PyTorch nn.Module or neural network module
Module,chapters/part5/17-peft-quantization.qmd,789,"model: nn.Module, x: torch.Tensor, y: torch.Tensor, steps: int = 1200",allowlist,PyTorch nn.Module or neural network module
modules,chapters/part5/17-peft-quantization.qmd,1360,| Prefix / adapters | State in per-layer prefixes or bottlenecks; write added modules | Small checkpoint; extra inference path |,allowlist,PyTorch nn.Module or neural network module
instructor,chapters/part5/17-peft-quantization.qmd,1366,The instructor's practical instinct remains useful: when a carefully evaluated,change-prose,instructor reference per I5
lecture,chapters/part5/18-alignment.qmd,3,<!-- lecture-source:,allowlist,"hidden provenance comment stripped at render, not reader-visible"
Module,chapters/part5/18-alignment.qmd,4,Module 11 is slide-only; the prose spine comes from the instructor's notes in,allowlist,"hidden provenance comment stripped at render, not reader-visible"
instructor,chapters/part5/18-alignment.qmd,4,Module 11 is slide-only; the prose spine comes from the instructor's notes in,allowlist,"hidden provenance comment stripped at render, not reader-visible"
course,chapters/part5/18-alignment.qmd,419,"This is the course's memorable description: *train a judge, then try to please the",change-prose,course reference in alignment intuition
class,chapters/part5/18-alignment.qmd,759,models have the same feature class and optimizer:,allowlist,"Python class definition, ML class, or hypothesis class"
assignment,chapters/part5/18-alignment.qmd,1274,"| Explicit RM + online policy optimization | Comparisons plus a reward model; current responses can be scored | Reward proxy, value function, and policy objective | Yes | Proxy shift, exploration, credit assignment, opti",allowlist,credit assignment in reinforcement learning table
instructor,chapters/part5/18-alignment.qmd,1370,The instructor calls a **model card** a model's nutritional label; the analogy works:,change-prose,instructor reference per I5
lecture,chapters/part5/19-generative.qmd,3,<!-- lecture-source:,allowlist,"hidden provenance comment stripped at render, not reader-visible"
Module,chapters/part5/19-generative.qmd,4,Module 12 is slide-only; its mathematical spine comes from the sanitized,allowlist,"hidden provenance comment stripped at render, not reader-visible"
course,chapters/part5/19-generative.qmd,10,"from displayed equations. External paper figures, course-deck code, D2L-linked",allowlist,"hidden provenance comment stripped at render, not reader-visible"
course,chapters/part5/19-generative.qmd,840,"During generation, of course, $\vect{x}_0$ is the unknown destination. A neural",allowlist,idiomatic phrase of course
class,chapters/part5/19-generative.qmd,1081,class ScalarNoisePredictor(nn.Module):,allowlist,"Python class definition, ML class, or hypothesis class"
Module,chapters/part5/19-generative.qmd,1081,class ScalarNoisePredictor(nn.Module):,allowlist,PyTorch nn.Module or neural network module
video,chapters/part5/19-generative.qmd,1339,"The scalar network makes the learning problem visible, yet image, audio, and video",allowlist,video as data modality
class,chapters/part5/19-generative.qmd,1345,"3. optional conditioning information $\vect{c}$, such as a class, text representation,",allowlist,"Python class definition, ML class, or hypothesis class"
Module,chapters/part5/20-multimodal.qmd,5,upstream Module 12/12.1S Multimodal.tex,allowlist,"hidden provenance comment stripped at render, not reader-visible"
Module,chapters/part5/20-multimodal.qmd,7,upstream Module 12/12.0 Multimodal_GenAI.tex,allowlist,"hidden provenance comment stripped at render, not reader-visible"
lecture,chapters/part5/20-multimodal.qmd,10,<!-- lecture-source:,allowlist,"hidden provenance comment stripped at render, not reader-visible"
Module,chapters/part5/20-multimodal.qmd,11,Module 12 is slide-only; no corresponding recorded-video transcript is present,allowlist,"hidden provenance comment stripped at render, not reader-visible"
video,chapters/part5/20-multimodal.qmd,11,Module 12 is slide-only; no corresponding recorded-video transcript is present,allowlist,"hidden provenance comment stripped at render, not reader-visible"
course,chapters/part5/20-multimodal.qmd,12,in the course transcript archive. The instructor spine is the sanitized,allowlist,"hidden provenance comment stripped at render, not reader-visible"
instructor,chapters/part5/20-multimodal.qmd,12,in the course transcript archive. The instructor spine is the sanitized,allowlist,"hidden provenance comment stripped at render, not reader-visible"
Course,chapters/part5/20-multimodal.qmd,18,"experiments, and figures are independently produced. Course-deck code,",allowlist,"hidden provenance comment stripped at render, not reader-visible"
class,chapters/part5/20-multimodal.qmd,255,but the classes are the candidates currently in the batch. The class set changes with,allowlist,"Python class definition, ML class, or hypothesis class"
class,chapters/part5/20-multimodal.qmd,261,"No manual object class is required, but the correspondence",allowlist,"Python class definition, ML class, or hypothesis class"
Module,chapters/part5/20-multimodal.qmd,292,"image_encoder: nn.Module,",allowlist,PyTorch nn.Module or neural network module
Module,chapters/part5/20-multimodal.qmd,293,"text_encoder: nn.Module,",allowlist,PyTorch nn.Module or neural network module
class,chapters/part5/20-multimodal.qmd,376,class PairedSplit:,allowlist,"Python class definition, ML class, or hypothesis class"
class,chapters/part5/20-multimodal.qmd,408,class TwoTower(nn.Module):,allowlist,"Python class definition, ML class, or hypothesis class"
Module,chapters/part5/20-multimodal.qmd,408,class TwoTower(nn.Module):,allowlist,PyTorch nn.Module or neural network module
class,chapters/part5/20-multimodal.qmd,789,| image classification by text | image query | rank class descriptions | chosen descriptions |,allowlist,"Python class definition, ML class, or hypothesis class"
class,chapters/part5/20-multimodal.qmd,800,"Suppose a task supplies $C$ class names. Write one description for each class, encode",allowlist,"Python class definition, ML class, or hypothesis class"
class,chapters/part5/20-multimodal.qmd,800,"Suppose a task supplies $C$ class names. Write one description for each class, encode",allowlist,"Python class definition, ML class, or hypothesis class"
class,chapters/part5/20-multimodal.qmd,813,that no human chose the class set or wrote the descriptions. It does not mean that the,allowlist,"Python class definition, ML class, or hypothesis class"
Companion,_quarto.yml,,Companion to [DS 6050 Deep Learning](https://shakeri-lab.github.io/dl-course-site/),change-prose,labels book as companion to university course DS 6050 (found beyond the term list; line from the pre-W1 snapshot)
graded,index.qmd,,public book does not publish full worked solutions to overlapping graded work. Public,web-only,enrolled-students note refers to overlapping graded work (found beyond the term list; line from the pre-W1 snapshot)
graded,index.qmd,,graded solutions stay there rather than in the public text.,web-only,enrolled-students note refers to complete graded solutions (found beyond the term list; line from the pre-W1 snapshot)
graduate companion,index.qmd,,Version 1.2.1 establishes the reciprocal interface with the graduate companion,web-only,revision notes refer to second volume as graduate companion (found beyond the term list; line from the pre-W1 snapshot)
laboratory,chapters/part3/11-encoder-decoder.qmd,,Our laboratory task keeps the core mechanics of translation and none of the downloads:,change-prose,frames chapter translation task as our laboratory task (found beyond the term list; line from the pre-W1 snapshot)
laboratory,chapters/part3/11-encoder-decoder.qmd,,"deliberately fixed at ten characters, so this laboratory does **not** test",change-prose,refers to chapter experiment as this laboratory (found beyond the term list; line from the pre-W1 snapshot)
graded,chapters/part3/11-encoder-decoder.qmd,,1. **The loss.** Positions holding <pad> are not predictions to be graded.,change-prose,uses course grading metaphor for loss computation padding mask (found beyond the term list; line from the pre-W1 snapshot)
laboratory,chapters/part4/12-kernel-regression.qmd,,"Because this is a synthetic laboratory, we can do something ordinary observed data",change-prose,describes synthetic experiment setting as a synthetic laboratory (found beyond the term list; line from the pre-W1 snapshot)
laboratory,chapters/part4/12-kernel-regression.qmd,,"The known black curve is a laboratory privilege. On real data, choose the bandwidth",change-prose,refers to ground truth knowledge as a laboratory privilege (found beyond the term list; line from the pre-W1 snapshot)
graded,chapters/part4/13-attention.qmd,,The target loss mask says which output positions should not be graded; it remains,change-prose,uses course grading metaphor for target loss mask (found beyond the term list; line from the pre-W1 snapshot)
