page,scene,anchor,caption,static_frame,panel_file,prose_mentions_on_page
chapters/part1/03-nonlinearity-mlp.qmd,hinge-lift-excerpt,"{""type"": ""after-cell"", ""target"": ""cell-fig-neuron-hinge""}","The cut never bent. The space did, and that is what one hidden unit buys.",yes,interactives/hinge-lift/panel.html,1
chapters/part1/02-logistic-softmax.qmd,surprise-loss-excerpt,"{""type"": ""before-heading"", ""target"": ""The beautiful gradient""}",Every halving costs one more log 2. Belief can halve forever; the loss cannot stop.,yes,interactives/surprise-loss/panel.html,0
chapters/part1/04-training-loss-sgd.qmd,momentum-memory-excerpt,"{""type"": ""before-heading"", ""target"": ""Adam: adaptive steps per knob""}","Same rule, same step length: one direction cancelled itself, the other stacked up.",yes,interactives/momentum-memory/panel.html,0
chapters/part1/04-training-loss-sgd.qmd,step-length-excerpt,"{""type"": ""before-heading"", ""target"": ""The batch size""}","Anywhere below the wall it arrives. The chapter starts near 0.1, a tenth of the wall.",yes,interactives/step-length/panel.html,0
chapters/part1/01-linear-regression.qmd,decay-angle-excerpt,"{""type"": ""before-heading"", ""target"": ""Okay, so: the smallest model tells the who",A radial shrink restores steering. It does not by itself explain or cure stalled training.,yes,interactives/decay-angle/panel.html,2
chapters/part1/02-logistic-softmax.qmd,sigmoid-squash-excerpt,"{""type"": ""after-cell"", ""target"": ""cell-fig-sigmoid""}",Two more equal pushes. The last buys 0.0294 — about an eighth of the first.,yes,interactives/sigmoid-squash/panel.html,0
chapters/part1/03-nonlinearity-mlp.qmd,feature-space-excerpt,"{""type"": ""after-cell"", ""target"": ""cell-fig-feature-space""}","Grey paths show where the crossers began. Same points, same line, re-drawn space.",yes,interactives/feature-space/panel.html,1
chapters/part1/04-training-loss-sgd.qmd,batch-vote-excerpt,"{""type"": ""before-heading"", ""target"": ""Momentum: give the ball some mass""}","Take the batch to all sixty-four: B equals n, and the noise is exactly zero.",yes,interactives/batch-vote/panel.html,0
chapters/part1/04-training-loss-sgd.qmd,sgd-zones-excerpt,"{""type"": ""before-heading"", ""target"": ""The learning rate""}",The floor never moved; the signal collapsed. That is why the step must eventually shrink.,yes,interactives/sgd-zones/panel.html,0
chapters/part1/01-linear-regression.qmd,template-score-excerpt,"{""type"": ""before-heading"", ""target"": ""The loss: what makes a hyperplane \""bad\""?",Now only the template's length changes. Direction similarity holds; the score still halves.,yes,interactives/template-score/panel.html,2
chapters/part1/01-linear-regression.qmd,column-space-excerpt,"{""type"": ""before-heading"", ""target"": ""Finding the best weights, method 2: walk d",This leftover points straight out of the plane. No weights can remove it.,yes,interactives/column-space/panel.html,2
chapters/part1/01-linear-regression.qmd,downhill-bowl-excerpt,"{""type"": ""before-heading"", ""target"": ""Build the complete model three ways""}",The step shrank because the slope did. Nothing was scheduled and nothing was seen.,yes,interactives/downhill-bowl/panel.html,2
chapters/part2/07-filters-convolution.qmd,convolution-excerpt,"{""type"": ""before-heading"", ""target"": ""The filter zoo""}",,no,interactives/convolution/panel.html,0
chapters/part4/12-kernel-regression.qmd,kernel-weighting-excerpt,"{""type"": ""after-cell"", ""target"": ""cell-fig-kernel-lookup""}",The nearby key at 3 receives most of the influence. The same normalized weights multiply the observed values and add to one prediction.,no,interactives/kernel-weighting/panel.html,0
chapters/part4/15-bert-pretraining.qmd,bert-ledger-excerpt,"{""type"": ""after-cell"", ""target"": ""cell-fig-mlm-policy""}","Today looks ordinary because it was left unchanged, but selected = 1. Its prediction is still scored against the original token today.",no,interactives/bert-ledger/panel.html,0
chapters/part1/02-logistic-softmax.qmd,softmax-shift-excerpt,"{""type"": ""after-cell"", ""target"": ""cell-fig-softmax""}","Back at c = 0: 0.6095, 0.1360, 0.0303, 0.2242 — the same four probabilities at every shift.",yes,interactives/softmax-shift/panel.html,0
chapters/part1/05-backpropagation.qmd,one-chain-excerpt,"{""type"": ""after-cell"", ""target"": ""cell-fig-chain-graph""}",Nothing was updated. Forward computes and keeps; backward reuses and multiplies.,yes,interactives/one-chain/panel.html,7
chapters/part3/10-sequences-rnn.qmd,gate-product-excerpt,"{""type"": ""after-cell"", ""target"": ""cell-fig-highway-time""}","Sixteen trillion times larger, yet 10⁻¹¹ of the gradient: attenuated, not exactly zero. Legible only on a log axis.",yes,interactives/gate-product/panel.html,2
chapters/part2/08-cnn.qmd,pooling-bins-excerpt,"{""type"": ""before-heading"", ""target"": ""How far a deep neuron sees""}",Two pooled values changed: tolerance ends at the bin edge. Not invariance.,yes,interactives/pooling-bins/panel.html,1
chapters/part1/03-nonlinearity-mlp.qmd,hinge-bump-excerpt,"{""type"": ""after-cell"", ""target"": ""cell-fig-hinge-bump""}","Only −2 lands: slopes +1, −1, 0. Three endless ramps, one local bump.",yes,interactives/hinge-bump/panel.html,1
chapters/part5/17-peft-quantization.qmd,quantization-grid-excerpt,"{""type"": ""after-cell"", ""target"": ""cell-fig-quantization-granularity""}",Back to three bits: the pairs merge again; payload falls to 0.375 GB.,yes,interactives/quantization-grid/panel.html,0
chapters/part3/10-sequences-rnn.qmd,lstm-valves-excerpt,"{""type"": ""after-cell"", ""target"": ""cell-fig-lstm-conveyor""}",The valves are learned; the belt is not erased by closing the one that reads.,yes,interactives/lstm-valves/panel.html,2
chapters/part5/18-alignment.qmd,mask-predictor-excerpt,"{""type"": ""before-heading"", ""target"": ""A preference is a measurement, not a value",Inputs stay available as context. Target masks select which log-probabilities enter the sum.,yes,interactives/mask-predictor/panel.html,0
chapters/part5/18-alignment.qmd,reference-tilt-excerpt,"{""type"": ""after-cell"", ""target"": ""cell-fig-reference-tilt""}",More proxy reward comes with more measured drift. Pressure does not repair the proxy.,yes,interactives/reference-tilt/panel.html,0
chapters/part5/19-generative.qmd,score-field-excerpt,"{""type"": ""after-cell"", ""target"": ""cell-fig-score-mixture""}",The probe inspects a fixed field. Its prescribed sweep is not a sampling trajectory.,yes,interactives/score-field/panel.html,0
chapters/part4/16-vit-scaling.qmd,attention-bill-excerpt,"{""type"": ""before-heading"", ""target"": ""A Fashion rematch, not a referendum""}","Count the declared terms, not a whole-model speedup. These shapes are not a runtime measurement.",yes,interactives/attention-bill/panel.html,0
chapters/part4/13-attention.qmd,mask-before-softmax-excerpt,"{""type"": ""after-cell"", ""target"": ""cell-fig-padding-mask""}",Keep at least one real key. An all-masked row has no distribution to normalize.,yes,interactives/mask-before-softmax/panel.html,0
chapters/interludes/making-pca-learnable.qmd,same-subspace-excerpt,"{""type"": ""before-heading"", ""target"": ""What if the map could bend?""}","Compare reconstruction projectors, not the individual coordinates or basis columns.",yes,interactives/same-subspace/panel.html,0
chapters/appendices/a1-linear-algebra.qmd,svd-circle-excerpt,"{""type"": ""after-cell"", ""target"": ""cell-fig-a1-svd""}",One omitted singular value sets both matrix-norm errors. Small does not mean unimportant.,yes,interactives/svd-circle/panel.html,0
chapters/part5/18-alignment.qmd,preference-ruler-excerpt,"{""type"": ""before-heading"", ""target"": ""Train a judge, then try to please the judg","Larger scores, same gap, same probability. The additions cancel: reward has no identifiable zero.",yes,interactives/preference-ruler/panel.html,0
chapters/part5/17-peft-quantization.qmd,scale-granularity-excerpt,"{""type"": ""before-heading"", ""target"": ""What a quantization workflow protects""}","Per-row scaling protects this quiet range. It does not guarantee exact weights, accuracy, or faster inference.",yes,interactives/scale-granularity/panel.html,0
chapters/part4/14-self-attention-transformer.qmd,layernorm-axis-excerpt,"{""type"": ""after-cell"", ""target"": ""cell-fig-transformer-block""}",A token's LayerNorm result does not depend on batchmates or sequence length; BatchNorm's statistics do. Before learned scale and shift.,yes,interactives/layernorm-axis/panel.html,0
chapters/part1/05-backpropagation.qmd,derivative-gates-excerpt,"{""type"": ""after-cell"", ""target"": ""cell-fig-gates""}","Ten best-case sigmoid gates: below one millionth, yet not zero. Weights and branching, omitted here, also scale the full gradient.",yes,interactives/derivative-gates/panel.html,7
chapters/part3/11-encoder-decoder.qmd,greedy-tree-excerpt,"{""type"": ""before-heading"", ""target"": ""Search exposes alternatives""}",Ask for one answer: choose the best completed candidate. Keeping two candidates does not join their tokens.,yes,interactives/greedy-tree/panel.html,0
chapters/part1/05-backpropagation.qmd,branch-blame-excerpt,"{""type"": ""before-heading"", ""target"": ""torch.autograd in practice: five rules""}","Two uses, two arrivals, one sum. That is where the factor of two comes from.",yes,interactives/branch-blame/panel.html,7
chapters/interludes/learning-by-experiment.qmd,halving-budget-excerpt,"{""type"": ""before-heading"", ""target"": ""Train, validation, and test have different",The staircase is 81 of the square’s 729: the search spent one ninth.,yes,interactives/halving-budget/panel.html,7
chapters/part1/06-generalization-inductive-bias.qmd,shift-shuffle-excerpt,"{""type"": ""before-heading"", ""target"": ""Inside the weights: full-frame matched fil",Order is nothing to a sum. Pairing is everything.,yes,interactives/shift-shuffle/panel.html,0
chapters/part1/06-generalization-inductive-bias.qmd,distance-band-excerpt,"{""type"": ""after-cell"", ""target"": ""cell-fig-curse""}",Width falls as one over the square root of d. Data cannot buy it back.,yes,interactives/distance-band/panel.html,0
chapters/part2/07-filters-convolution.qmd,box-average-excerpt,"{""type"": ""after-cell"", ""target"": ""cell-fig-moving-average""}","Keep the slide, change the nine numbers: every filter in this chapter makes this move.",yes,interactives/box-average/panel.html,0
chapters/part2/07-filters-convolution.qmd,sobel-split-excerpt,"{""type"": ""before-cell"", ""target"": ""cell-fig-filter-zoo""}","Average along the edge, difference across it: that is a vertical-edge detector.",yes,interactives/sobel-split/panel.html,0
chapters/part2/08-cnn.qmd,what-where-excerpt,"{""type"": ""before-heading"", ""target"": ""LeNet: the whole machine""}",Channels say what was found; pooling says roughly where. Neither does the other&#8217;s job.,yes,interactives/what-where/panel.html,1
chapters/part2/09-modern-cnns-transfer.qmd,pixel-skewer-excerpt,"{""type"": ""after-paragraph"", ""target"": ""each compression injects another nonlinea","A 1 &#215; 1 convolution is one linear layer across channels, run with the same weights at every pixel.",yes,interactives/pixel-skewer/panel.html,1
chapters/part2/08-cnn.qmd,out-size-excerpt,"{""type"": ""after-paragraph"", ""target"": ""counts the starting position. Three worke","Travel, divided by the step and floored, counts the hops; plus one counts where the window starts.",yes,interactives/out-size/panel.html,1
chapters/part2/08-cnn.qmd,lenet-flow-excerpt,"{""type"": ""after-paragraph"", ""target"": ""stage by stage, until a small dense head ","Convolve, shrink, deepen; repeat; then decide.",yes,interactives/lenet-flow/panel.html,1
chapters/part2/09-modern-cnns-transfer.qmd,stacked-sight-excerpt,"{""type"": ""after-paragraph"", ""target"": ""Same sight, fewer parameters, more nonlin","Same sight, fewer parameters, more nonlinearity.",yes,interactives/stacked-sight/panel.html,1
