page,line,before,after,rule
chapters/appendices/a2-tensors.qmd,27,Chapter 1,@sec-01-linear-regression,auto
chapters/appendices/a2-tensors.qmd,28,Chapter 1,@sec-01-linear-regression,auto
chapters/appendices/a2-tensors.qmd,97,Chapter 8,@sec-08-cnn,auto
chapters/appendices/a2-tensors.qmd,99,Chapter 10,@sec-10-sequences-rnn,auto
chapters/appendices/a2-tensors.qmd,576,Chapter 17,@sec-17-peft-quantization,auto
chapters/appendices/a3-precision-performance.qmd,195,Chapter 17,@sec-17-peft-quantization,auto
chapters/appendices/a3-precision-performance.qmd,325,Chapter 10,@sec-10-sequences-rnn,auto
chapters/appendices/a3-precision-performance.qmd,580,Chapter 14,@sec-14-self-attention-transformer,auto
chapters/appendices/a3-precision-performance.qmd,612,Chapter 14,@sec-14-self-attention-transformer,auto
chapters/appendices/a3-precision-performance.qmd,615,Chapter 17,@sec-17-peft-quantization,auto
chapters/appendices/a4-notation.qmd,121,Chapter 4,@sec-04-training-loss-sgd,auto
chapters/appendices/a4-notation.qmd,122,Chapter 19,@sec-19-generative,auto
chapters/appendices/a4-notation.qmd,179,Chapter 20,@sec-20-multimodal,auto
chapters/appendices/a4-notation.qmd,179,Chapter 12,@sec-12-kernel-regression,auto
chapters/appendices/a5-statistical-learning.qmd,79,Chapter 6,@sec-06-generalization-inductive-bias,auto
chapters/appendices/a5-statistical-learning.qmd,166,Chapters 18 and 19,Chapters [-@sec-18-alignment] and [-@sec-19-generative],auto
chapters/epilogue.qmd,94,Chapter 6,@sec-06-generalization-inductive-bias,auto
chapters/epilogue.qmd,124,Chapter 20,@sec-20-multimodal,auto
chapters/epilogue.qmd,162,Chapter 6,@sec-06-generalization-inductive-bias,auto
chapters/epilogue.qmd,250,Chapter 18,@sec-18-alignment,auto
chapters/interludes/attention-as-test-time-regression.qmd,8,Chapter 14,@sec-14-self-attention-transformer,auto
chapters/interludes/attention-as-test-time-regression.qmd,21,Chapter 10,@sec-10-sequences-rnn,auto
chapters/interludes/attention-as-test-time-regression.qmd,23,Chapter 12,@sec-12-kernel-regression,auto
chapters/interludes/attention-as-test-time-regression.qmd,58,Chapter 13,@sec-13-attention,auto
chapters/interludes/attention-as-test-time-regression.qmd,63,Chapter 10,@sec-10-sequences-rnn,auto
chapters/interludes/attention-as-test-time-regression.qmd,69,Chapter 4,@sec-04-training-loss-sgd,auto
chapters/interludes/attention-as-test-time-regression.qmd,69,Chapter 1,@sec-01-linear-regression,auto
chapters/interludes/attention-as-test-time-regression.qmd,82,Chapter 12,@sec-12-kernel-regression,auto
chapters/interludes/learning-by-experiment.qmd,8,Chapter 6,@sec-06-generalization-inductive-bias,auto
chapters/interludes/learning-by-experiment.qmd,244,Chapter 9,@sec-09-modern-cnns-transfer,auto
chapters/interludes/learning-by-experiment.qmd,278,Chapter 6,@sec-06-generalization-inductive-bias,auto
chapters/interludes/learning-by-experiment.qmd,279,Chapters 8 and 9,Chapters [-@sec-08-cnn] and [-@sec-09-modern-cnns-transfer],auto
chapters/interludes/learning-by-experiment.qmd,799,Chapter 4,@sec-04-training-loss-sgd,auto
chapters/interludes/learning-by-experiment.qmd,800,Chapter 6,@sec-06-generalization-inductive-bias,auto
chapters/interludes/making-pca-learnable.qmd,241,Chapter 3,@sec-03-nonlinearity-mlp,auto
chapters/part1/01-linear-regression.qmd,70,Chapter 6,@sec-06-generalization-inductive-bias,auto
chapters/part1/02-logistic-softmax.qmd,175,Chapters 8 and 9,Chapters [-@sec-08-cnn] and [-@sec-09-modern-cnns-transfer],auto
chapters/part1/02-logistic-softmax.qmd,175,Chapter 3,@sec-03-nonlinearity-mlp,auto
chapters/part1/02-logistic-softmax.qmd,306,Chapter 13,@sec-13-attention,auto
chapters/part1/02-logistic-softmax.qmd,369,Chapter 18,@sec-18-alignment,auto
chapters/part1/02-logistic-softmax.qmd,370,Chapter 19,@sec-19-generative,auto
chapters/part1/02-logistic-softmax.qmd,501,Chapters 4 and 5,Chapters [-@sec-04-training-loss-sgd] and [-@sec-05-backpropagation],auto
chapters/part1/03-nonlinearity-mlp.qmd,498,Chapter 2,@sec-02-logistic-softmax,auto
chapters/part1/04-training-loss-sgd.qmd,422,Chapter 1,@sec-01-linear-regression,auto
chapters/part1/05-backpropagation.qmd,926,Chapter 20,@sec-20-multimodal,auto
chapters/part1/06-generalization-inductive-bias.qmd,37,Chapter 4,@sec-04-training-loss-sgd,auto
chapters/part1/06-generalization-inductive-bias.qmd,184,Chapter 1,@sec-01-linear-regression,auto
chapters/part2/07-filters-convolution.qmd,24,Chapter 6,@sec-06-generalization-inductive-bias,auto
chapters/part2/07-filters-convolution.qmd,215,Chapter 6,@sec-06-generalization-inductive-bias,auto
chapters/part2/07-filters-convolution.qmd,249,Chapter 6,@sec-06-generalization-inductive-bias,auto
chapters/part2/07-filters-convolution.qmd,273,Chapter 6,@sec-06-generalization-inductive-bias,auto
chapters/part2/07-filters-convolution.qmd,388,Chapter 6,@sec-06-generalization-inductive-bias,auto
chapters/part2/08-cnn.qmd,10,Chapter 7,@sec-07-filters-convolution,auto
chapters/part2/08-cnn.qmd,66,Chapter 7,@sec-07-filters-convolution,auto
chapters/part2/08-cnn.qmd,72,Chapter 7,@sec-07-filters-convolution,auto
chapters/part2/08-cnn.qmd,79,Chapter 1,@sec-01-linear-regression,auto
chapters/part2/08-cnn.qmd,131,Chapter 7,@sec-07-filters-convolution,auto
chapters/part2/08-cnn.qmd,145,Chapter 7,@sec-07-filters-convolution,auto
chapters/part2/08-cnn.qmd,150,Chapter 4,@sec-04-training-loss-sgd,auto
chapters/part2/08-cnn.qmd,156,Chapter 1,@sec-01-linear-regression,auto
chapters/part2/08-cnn.qmd,175,Chapter 7,@sec-07-filters-convolution,auto
chapters/part2/08-cnn.qmd,200,Chapter 3,@sec-03-nonlinearity-mlp,auto
chapters/part2/08-cnn.qmd,237,Chapter 7,@sec-07-filters-convolution,auto
chapters/part2/08-cnn.qmd,289,Chapter 7,@sec-07-filters-convolution,auto
chapters/part2/08-cnn.qmd,297,Chapter 7,@sec-07-filters-convolution,auto
chapters/part2/08-cnn.qmd,346,Chapter 7,@sec-07-filters-convolution,auto
chapters/part2/08-cnn.qmd,519,Chapter 3,@sec-03-nonlinearity-mlp,auto
chapters/part2/08-cnn.qmd,520,Chapter 2,@sec-02-logistic-softmax,auto
chapters/part2/08-cnn.qmd,521,Chapter 2,@sec-02-logistic-softmax,auto
chapters/part2/08-cnn.qmd,540,Chapter 6,@sec-06-generalization-inductive-bias,auto
chapters/part2/08-cnn.qmd,546,Chapter 6,@sec-06-generalization-inductive-bias,auto
chapters/part2/08-cnn.qmd,572,Chapter 7,@sec-07-filters-convolution,auto
chapters/part2/08-cnn.qmd,633,Chapter 6,@sec-06-generalization-inductive-bias,auto
chapters/part2/08-cnn.qmd,690,Chapter 6,@sec-06-generalization-inductive-bias,auto
chapters/part2/08-cnn.qmd,695,Chapter 6,@sec-06-generalization-inductive-bias,auto
chapters/part2/08-cnn.qmd,801,Chapter 6,@sec-06-generalization-inductive-bias,auto
chapters/part2/09-modern-cnns-transfer.qmd,17,Chapter 8,@sec-08-cnn,auto
chapters/part2/09-modern-cnns-transfer.qmd,111,Chapter 8,@sec-08-cnn,auto
chapters/part2/09-modern-cnns-transfer.qmd,172,Chapter 8,@sec-08-cnn,auto
chapters/part2/09-modern-cnns-transfer.qmd,335,Chapter 1,@sec-01-linear-regression,auto
chapters/part2/09-modern-cnns-transfer.qmd,413,Chapter 2,@sec-02-logistic-softmax,auto
chapters/part2/09-modern-cnns-transfer.qmd,426,Chapter 8,@sec-08-cnn,auto
chapters/part2/09-modern-cnns-transfer.qmd,487,Chapter 8,@sec-08-cnn,auto
chapters/part2/09-modern-cnns-transfer.qmd,659,Chapter 5,@sec-05-backpropagation,auto
chapters/part2/09-modern-cnns-transfer.qmd,664,Chapter 5,@sec-05-backpropagation,auto
chapters/part2/09-modern-cnns-transfer.qmd,669,Chapter 5,@sec-05-backpropagation,auto
chapters/part2/09-modern-cnns-transfer.qmd,1169,Chapter 1,@sec-01-linear-regression,auto
chapters/part2/09-modern-cnns-transfer.qmd,1176,Chapter 5,@sec-05-backpropagation,auto
chapters/part2/09-modern-cnns-transfer.qmd,1232,Chapter 6,@sec-06-generalization-inductive-bias,auto
chapters/part3/10-sequences-rnn.qmd,37,Chapter 6,@sec-06-generalization-inductive-bias,auto
chapters/part3/10-sequences-rnn.qmd,50,Chapter 7,@sec-07-filters-convolution,auto
chapters/part3/10-sequences-rnn.qmd,99,Chapter 3,@sec-03-nonlinearity-mlp,auto
chapters/part3/10-sequences-rnn.qmd,110,Chapter 2,@sec-02-logistic-softmax,auto
chapters/part3/10-sequences-rnn.qmd,155,Chapter 8,@sec-08-cnn,auto
chapters/part3/10-sequences-rnn.qmd,164,Chapter 3,@sec-03-nonlinearity-mlp,auto
chapters/part3/10-sequences-rnn.qmd,212,Chapter 5,@sec-05-backpropagation,auto
chapters/part3/10-sequences-rnn.qmd,230,Chapter 5,@sec-05-backpropagation,auto
chapters/part3/10-sequences-rnn.qmd,236,Chapter 5,@sec-05-backpropagation,auto
chapters/part3/10-sequences-rnn.qmd,248,Chapter 5,@sec-05-backpropagation,auto
chapters/part3/10-sequences-rnn.qmd,335,Chapter 2,@sec-02-logistic-softmax,auto
chapters/part3/10-sequences-rnn.qmd,430,Chapter 9,@sec-09-modern-cnns-transfer,auto
chapters/part3/10-sequences-rnn.qmd,465,Chapter 9,@sec-09-modern-cnns-transfer,auto
chapters/part3/10-sequences-rnn.qmd,564,Chapter 5,@sec-05-backpropagation,auto
chapters/part3/10-sequences-rnn.qmd,693,Chapter 2,@sec-02-logistic-softmax,auto
chapters/part3/10-sequences-rnn.qmd,822,Chapter 2,@sec-02-logistic-softmax,auto
chapters/part3/10-sequences-rnn.qmd,949,Chapter 1,@sec-01-linear-regression,auto
chapters/part3/10-sequences-rnn.qmd,970,Chapter 6,@sec-06-generalization-inductive-bias,auto
chapters/part3/10-sequences-rnn.qmd,978,Chapter 5,@sec-05-backpropagation,auto
chapters/part3/10-sequences-rnn.qmd,984,Chapter 9,@sec-09-modern-cnns-transfer,auto
chapters/part3/10-sequences-rnn.qmd,1030,Chapter 2,@sec-02-logistic-softmax,auto
chapters/part3/11-encoder-decoder.qmd,15,Chapter 10,@sec-10-sequences-rnn,auto
chapters/part3/11-encoder-decoder.qmd,32,Chapter 10,@sec-10-sequences-rnn,auto
chapters/part3/11-encoder-decoder.qmd,40,Chapter 10,@sec-10-sequences-rnn,auto
chapters/part3/11-encoder-decoder.qmd,144,Chapter 10,@sec-10-sequences-rnn,auto
chapters/part3/11-encoder-decoder.qmd,147,Chapter 1,@sec-01-linear-regression,auto
chapters/part3/11-encoder-decoder.qmd,717,Chapter 10,@sec-10-sequences-rnn,auto
chapters/part3/11-encoder-decoder.qmd,725,Chapter 2,@sec-02-logistic-softmax,auto
chapters/part3/11-encoder-decoder.qmd,725,Chapter 1,@sec-01-linear-regression,auto
chapters/part3/11-encoder-decoder.qmd,767,Chapter 13,@sec-13-attention,auto
chapters/part3/11-encoder-decoder.qmd,777,Chapter 8,@sec-08-cnn,auto
chapters/part4/12-kernel-regression.qmd,12,Chapter 11,@sec-11-encoder-decoder,auto
chapters/part4/12-kernel-regression.qmd,42,Chapter 1,@sec-01-linear-regression,auto
chapters/part4/12-kernel-regression.qmd,44,Chapter 1,@sec-01-linear-regression,auto
chapters/part4/12-kernel-regression.qmd,73,Chapter 1,@sec-01-linear-regression,auto
chapters/part4/12-kernel-regression.qmd,309,Chapter 2,@sec-02-logistic-softmax,auto
chapters/part4/12-kernel-regression.qmd,311,Chapter 2,@sec-02-logistic-softmax,auto
chapters/part4/12-kernel-regression.qmd,346,Chapter 2,@sec-02-logistic-softmax,auto
chapters/part4/12-kernel-regression.qmd,352,Chapter 1,@sec-01-linear-regression,auto
chapters/part4/12-kernel-regression.qmd,470,Chapter 6,@sec-06-generalization-inductive-bias,auto
chapters/part4/12-kernel-regression.qmd,612,Chapter 11,@sec-11-encoder-decoder,auto
chapters/part4/12-kernel-regression.qmd,629,Chapter 1,@sec-01-linear-regression,auto
chapters/part4/12-kernel-regression.qmd,647,Chapter 7,@sec-07-filters-convolution,auto
chapters/part4/12-kernel-regression.qmd,648,Chapter 8,@sec-08-cnn,auto
chapters/part4/12-kernel-regression.qmd,656,Chapter 13,@sec-13-attention,auto
chapters/part4/12-kernel-regression.qmd,657,Chapter 11,@sec-11-encoder-decoder,auto
chapters/part4/12-kernel-regression.qmd,672,Chapter 1,@sec-01-linear-regression,auto; the possessive uses U+2019 because an ASCII apostrophe after a reference at the start of bold text breaks the bold markup
chapters/part4/12-kernel-regression.qmd,681,Chapter 2,@sec-02-logistic-softmax,auto
chapters/part4/12-kernel-regression.qmd,692,Chapter 13,@sec-13-attention,auto
chapters/part4/13-attention.qmd,21,Chapter 12,@sec-12-kernel-regression,auto
chapters/part4/13-attention.qmd,30,Chapter 2,@sec-02-logistic-softmax,auto
chapters/part4/13-attention.qmd,127,Chapter 12,@sec-12-kernel-regression,auto
chapters/part4/13-attention.qmd,128,Chapter 2,@sec-02-logistic-softmax,auto
chapters/part4/13-attention.qmd,139,Chapter 12,@sec-12-kernel-regression,auto
chapters/part4/13-attention.qmd,142,Chapter 8,@sec-08-cnn,auto
chapters/part4/13-attention.qmd,175,Chapter 7,@sec-07-filters-convolution,auto
chapters/part4/13-attention.qmd,303,Chapter 1,@sec-01-linear-regression,auto
chapters/part4/13-attention.qmd,389,Chapter 14,@sec-14-self-attention-transformer,auto
chapters/part4/13-attention.qmd,486,Chapter 2,@sec-02-logistic-softmax,auto
chapters/part4/13-attention.qmd,494,Chapter 11,@sec-11-encoder-decoder,auto
chapters/part4/13-attention.qmd,588,Chapter 14,@sec-14-self-attention-transformer,auto
chapters/part4/13-attention.qmd,598,Chapter 11,@sec-11-encoder-decoder,auto
chapters/part4/13-attention.qmd,611,Chapter 11,@sec-11-encoder-decoder,auto
chapters/part4/13-attention.qmd,618,Chapter 11,@sec-11-encoder-decoder,auto
chapters/part4/13-attention.qmd,875,Chapter 11,@sec-11-encoder-decoder,auto
chapters/part4/13-attention.qmd,884,Chapter 11,@sec-11-encoder-decoder,auto
chapters/part4/13-attention.qmd,886,Chapter 11,@sec-11-encoder-decoder,auto
chapters/part4/13-attention.qmd,893,Chapter 11,@sec-11-encoder-decoder,auto
chapters/part4/13-attention.qmd,975,Chapter 11,@sec-11-encoder-decoder,auto
chapters/part4/13-attention.qmd,1032,Chapter 11,@sec-11-encoder-decoder,auto
chapters/part4/13-attention.qmd,1063,Chapter 14,@sec-14-self-attention-transformer,auto
chapters/part4/13-attention.qmd,1077,Chapter 8,@sec-08-cnn,auto
chapters/part4/13-attention.qmd,1078,Chapter 14,@sec-14-self-attention-transformer,auto
chapters/part4/13-attention.qmd,1094,Chapter 11,@sec-11-encoder-decoder,auto
chapters/part4/13-attention.qmd,1095,Chapter 2,@sec-02-logistic-softmax,auto
chapters/part4/13-attention.qmd,1106,Chapter 14,@sec-14-self-attention-transformer,auto
chapters/part4/13-attention.qmd,1112,Chapter 14,@sec-14-self-attention-transformer,auto
chapters/part4/13-attention.qmd,1120,Chapter 14,@sec-14-self-attention-transformer,auto
chapters/part4/14-self-attention-transformer.qmd,39,Chapter 10,@sec-10-sequences-rnn,auto
chapters/part4/14-self-attention-transformer.qmd,50,Chapter 13,@sec-13-attention,auto
chapters/part4/14-self-attention-transformer.qmd,86,Chapter 10,@sec-10-sequences-rnn,auto
chapters/part4/14-self-attention-transformer.qmd,652,Chapter 9,@sec-09-modern-cnns-transfer,auto
chapters/part4/14-self-attention-transformer.qmd,653,Chapter 9,@sec-09-modern-cnns-transfer,auto
chapters/part4/14-self-attention-transformer.qmd,889,Chapter 10,@sec-10-sequences-rnn,auto
chapters/part4/14-self-attention-transformer.qmd,899,Chapter 10,@sec-10-sequences-rnn,auto
chapters/part4/14-self-attention-transformer.qmd,1037,Chapter 10,@sec-10-sequences-rnn,auto
chapters/part4/14-self-attention-transformer.qmd,1084,Chapter 10,@sec-10-sequences-rnn,auto
chapters/part4/14-self-attention-transformer.qmd,1107,Chapter 10,@sec-10-sequences-rnn,auto
chapters/part4/14-self-attention-transformer.qmd,1123,Chapter 10,@sec-10-sequences-rnn,auto
chapters/part4/14-self-attention-transformer.qmd,1218,Chapter 10,@sec-10-sequences-rnn,auto
chapters/part4/14-self-attention-transformer.qmd,1245,Chapter 10,@sec-10-sequences-rnn,auto
chapters/part4/14-self-attention-transformer.qmd,1285,Chapter 10,@sec-10-sequences-rnn,auto
chapters/part4/14-self-attention-transformer.qmd,1372,Chapter 10,@sec-10-sequences-rnn,auto
chapters/part4/14-self-attention-transformer.qmd,1379,Chapter 2,@sec-02-logistic-softmax,auto
chapters/part4/14-self-attention-transformer.qmd,1455,Chapter 12,@sec-12-kernel-regression,auto
chapters/part4/14-self-attention-transformer.qmd,1483,Chapter 13,@sec-13-attention,auto
chapters/part4/14-self-attention-transformer.qmd,1500,Chapter 9,@sec-09-modern-cnns-transfer,auto
chapters/part4/15-bert-pretraining.qmd,22,Chapter 9,@sec-09-modern-cnns-transfer,auto
chapters/part4/15-bert-pretraining.qmd,404,Chapter 10,@sec-10-sequences-rnn,auto
chapters/part4/15-bert-pretraining.qmd,482,Chapter 14,@sec-14-self-attention-transformer,auto
chapters/part4/15-bert-pretraining.qmd,530,Chapter 2,@sec-02-logistic-softmax,auto
chapters/part4/15-bert-pretraining.qmd,538,Chapter 16,@sec-16-vit-scaling,auto
chapters/part4/15-bert-pretraining.qmd,626,Chapter 9,@sec-09-modern-cnns-transfer,auto
chapters/part4/15-bert-pretraining.qmd,1522,Chapter 9,@sec-09-modern-cnns-transfer,auto
chapters/part4/15-bert-pretraining.qmd,1655,Chapter 11,@sec-11-encoder-decoder,auto
chapters/part4/15-bert-pretraining.qmd,1657,Chapter 17,@sec-17-peft-quantization,auto
chapters/part4/15-bert-pretraining.qmd,1750,Chapter 14,@sec-14-self-attention-transformer,auto
chapters/part4/15-bert-pretraining.qmd,1771,Chapter 9,@sec-09-modern-cnns-transfer,auto
chapters/part4/15-bert-pretraining.qmd,1780,Chapter 10,@sec-10-sequences-rnn,auto
chapters/part4/16-vit-scaling.qmd,19,Chapter 15,@sec-15-bert-pretraining,auto
chapters/part4/16-vit-scaling.qmd,19,Chapter 14,@sec-14-self-attention-transformer,auto
chapters/part4/16-vit-scaling.qmd,82,Chapter 6,@sec-06-generalization-inductive-bias,auto
chapters/part4/16-vit-scaling.qmd,261,Chapter 14,@sec-14-self-attention-transformer,auto
chapters/part4/16-vit-scaling.qmd,284,Chapter 6,@sec-06-generalization-inductive-bias,auto
chapters/part4/16-vit-scaling.qmd,679,Chapter 6,@sec-06-generalization-inductive-bias,auto
chapters/part4/16-vit-scaling.qmd,742,Chapter 15,@sec-15-bert-pretraining,auto
chapters/part4/16-vit-scaling.qmd,1312,Chapter 20,@sec-20-multimodal,auto
chapters/part5/17-peft-quantization.qmd,23,Chapter 9,@sec-09-modern-cnns-transfer,auto
chapters/part5/17-peft-quantization.qmd,26,Chapter 16,@sec-16-vit-scaling,auto
chapters/part5/17-peft-quantization.qmd,959,Chapter 5,@sec-05-backpropagation,auto
chapters/part5/17-peft-quantization.qmd,1372,Chapter 9,@sec-09-modern-cnns-transfer,auto
chapters/part5/17-peft-quantization.qmd,1488,Chapter 18,@sec-18-alignment,auto
chapters/part5/18-alignment.qmd,19,Chapter 17,@sec-17-peft-quantization,auto
chapters/part5/18-alignment.qmd,1284,Chapter 17,@sec-17-peft-quantization,auto
chapters/part5/18-alignment.qmd,1414,Chapter 18,@sec-18-alignment,auto
chapters/part5/18-alignment.qmd,1415,Chapter 19,@sec-19-generative,auto
chapters/part5/19-generative.qmd,414,Chapter 4,@sec-04-training-loss-sgd,auto
chapters/part5/19-generative.qmd,477,Chapter 18,@sec-18-alignment,auto
chapters/part5/19-generative.qmd,886,Chapter 12,@sec-12-kernel-regression,auto
chapters/part5/20-multimodal.qmd,23,Chapter 16,@sec-16-vit-scaling,auto
chapters/part5/20-multimodal.qmd,24,Chapters 14 and 15,Chapters [-@sec-14-self-attention-transformer] and [-@sec-15-bert-pretraining],auto
chapters/part5/20-multimodal.qmd,160,Chapter 2,@sec-02-logistic-softmax,auto
chapters/part5/20-multimodal.qmd,191,Chapter 12,@sec-12-kernel-regression,auto
chapters/part5/20-multimodal.qmd,192,Chapter 13,@sec-13-attention,auto
chapters/part5/20-multimodal.qmd,212,Chapter 2,@sec-02-logistic-softmax,auto
chapters/part5/20-multimodal.qmd,254,Chapter 2,@sec-02-logistic-softmax,auto
chapters/part5/20-multimodal.qmd,778,Chapter 19,@sec-19-generative,auto
chapters/part5/20-multimodal.qmd,816,Chapter 17,@sec-17-peft-quantization,auto
chapters/part5/20-multimodal.qmd,893,Chapter 2,@sec-02-logistic-softmax,auto
chapters/part4/14-self-attention-transformer.qmd,1246,Chapter 10,Chapter 12,alt text: literal
chapters/appendices/a2-tensors.qmd,35,Chapters 1–20 have already used,Chapters [-@sec-01-linear-regression]–[-@sec-20-multimodal] have already used,range: whole book
chapters/appendices/a2-tensors.qmd,100,Chapters 13–16 extend that sequence convention,"Chapters [-@sec-13-attention], [-@sec-14-self-attention-transformer], [-@sec-15-bert-pretraining], and [-@sec-16-vit-scaling] extend that sequence convention",range across an interlude: list
chapters/appendices/a2-tensors.qmd,453,"the model may use. Chapters 13–15 derive those modeling choices in @sec-13-attention, @sec-14-self-attention-transformer, and @sec-15-bert-pretraining.","the model may use. Chapters [-@sec-13-attention], [-@sec-14-self-attention-transformer], and [-@sec-15-bert-pretraining] derive those modeling choices.",range across an interlude: list; the duplicated references merge
chapters/appendices/a2-tensors.qmd,515,Attention masks in Chapters 13–15 preserve,"Attention masks in Chapters [-@sec-13-attention], [-@sec-14-self-attention-transformer], and [-@sec-15-bert-pretraining] preserve",range across an interlude: list
chapters/appendices/a4-notation.qmd,11,"decoding key for Chapters 1–20,","decoding key for Chapters [-@sec-01-linear-regression]–[-@sec-20-multimodal],",range: whole book
chapters/appendices/a5-statistical-learning.qmd,15,"Chapters 1, 4, 6, 18, and 19","Chapters [-@sec-01-linear-regression], [-@sec-04-training-loss-sgd], [-@sec-06-generalization-inductive-bias], [-@sec-18-alignment], and [-@sec-19-generative]",list
chapters/epilogue.qmd,203,"Chapters 12, 14, and 17","Chapters [-@sec-12-kernel-regression], [-@sec-14-self-attention-transformer], and [-@sec-17-peft-quantization]",list
chapters/part1/02-logistic-softmax.qmd,176,Transformers (Chapters 14 to 16),"Transformers (Chapters [-@sec-14-self-attention-transformer], [-@sec-15-bert-pretraining], and [-@sec-16-vit-scaling])",range across an interlude: list
chapters/part1/02-logistic-softmax.qmd,178,"(Chapters 9, 15, and 17)","(Chapters [-@sec-09-modern-cnns-transfer], [-@sec-15-bert-pretraining], and [-@sec-17-peft-quantization])",list
chapters/part2/08-cnn.qmd,721,"validation coat used in Figure 8.3,","validation coat used in @fig-receptive-field,",literal figure number
chapters/part3/10-sequences-rnn.qmd,712,"trained on Chapters 1–9""","trained on Chapters 1–6 and 8–10""",code-summary label: literal; the corpus is old Chapters 1 to 9
chapters/part3/10-sequences-rnn.qmd,758,**Listing 10.1**: the canonical,**Listing 12.1**: the canonical,hand-numbered listing
chapters/part3/10-sequences-rnn.qmd,774,**Listing 10.2**: the fixed-window,**Listing 12.2**: the fixed-window,hand-numbered listing
chapters/part3/10-sequences-rnn.qmd,794,`fit_next_token` (Listing 10.1).,`fit_next_token` (Listing 12.1).,hand-numbered listing
chapters/part4/12-kernel-regression.qmd,726,Return to Figure 12.1,Return to @fig-kernel-lookup,literal figure number
chapters/part4/13-attention.qmd,625,reconstruct Chapter 11's sealed,reconstruct Chapter 13's sealed,code-summary label: literal
chapters/part4/14-self-attention-transformer.qmd,890,a committed snapshot of Chapters 1–9,a committed snapshot of Chapters [-@sec-01-linear-regression]–[-@sec-06-generalization-inductive-bias] and [-@sec-07-filters-convolution]–[-@sec-09-modern-cnns-transfer],range across an interlude: the corpus is old Chapters 1 to 9
chapters/part4/14-self-attention-transformer.qmd,1119,exactly as Listing 10.1:,exactly as Listing 12.1:,hand-numbered listing
chapters/part4/14-self-attention-transformer.qmd,1128,Code: Chapter 10's trainer,Code: Chapter 12's trainer,code-summary label: literal
chapters/part4/16-vit-scaling.qmd,725,what Chapters 7–9 built,what Chapters [-@sec-07-filters-convolution]–[-@sec-09-modern-cnns-transfer] built,range
index.qmd,67,[Chapter 6](chapters/part1/06-generalization-inductive-bias.qmd),@sec-06-generalization-inductive-bias,link text
index.qmd,71,[Chapter 16](chapters/part4/16-vit-scaling.qmd),@sec-16-vit-scaling,link text
chapters/appendices/a2-tensors.qmd,72,Chapter 5,@sec-05-backpropagation,auto (split across lines; the reference ends the first line)
chapters/appendices/a2-tensors.qmd,617,Chapter 4,@sec-04-training-loss-sgd,auto (split across lines; the reference ends the first line)
chapters/interludes/learning-by-experiment.qmd,260,Chapter 6,@sec-06-generalization-inductive-bias,auto (split across lines; the reference ends the first line)
chapters/part2/08-cnn.qmd,234,Chapter 3,@sec-03-nonlinearity-mlp,auto (split across lines; the reference ends the first line)
chapters/part2/08-cnn.qmd,437,Chapter 6,@sec-06-generalization-inductive-bias,auto (split across lines; the reference ends the first line)
chapters/part2/08-cnn.qmd,539,Chapter 7,@sec-07-filters-convolution,auto (split across lines; the reference ends the first line)
chapters/part2/08-cnn.qmd,624,Chapter 6,@sec-06-generalization-inductive-bias,auto (split across lines; the reference ends the first line)
chapters/part2/08-cnn.qmd,795,Chapter 3,@sec-03-nonlinearity-mlp,auto (split across lines; the reference ends the first line)
chapters/part2/09-modern-cnns-transfer.qmd,410,Chapter 8,@sec-08-cnn,auto (split across lines; the reference ends the first line)
chapters/part3/10-sequences-rnn.qmd,750,Listing 10.1,Listing 12.1,hand-numbered listing (split across lines)
chapters/part4/13-attention.qmd,685,Chapter 11,@sec-11-encoder-decoder,auto (split across lines; the reference ends the first line)
chapters/part4/14-self-attention-transformer.qmd,1488,Chapter 8,@sec-08-cnn,auto (split across lines; the reference ends the first line)
chapters/part4/15-bert-pretraining.qmd,1695,Chapter 16,@sec-16-vit-scaling,auto (split across lines; the reference ends the first line)
chapters/appendices/a2-tensors.qmd,26,In the Chapter 1 Chapter 1's coding session,In Chapter 1's coding session,R9: baseline duplicated phrase (present at 86ec60b)
