page,line,col,where,text,old,new,status,replacement,reason,context
chapters/appendices/a2-tensors.qmd,27,71,prose,Chapter 1,1,1,auto,@sec-01-linear-regression,,Here is a PyTorch bug that did not begin with an error message. In the Chapter 1
chapters/appendices/a2-tensors.qmd,28,0,prose,Chapter 1,1,1,auto,@sec-01-linear-regression,,"Chapter 1's coding session, a prediction had shape `(N,)` while a noise column had shape"
chapters/appendices/a2-tensors.qmd,35,0,prose,Chapters 1–20,1+20,1+23,manual,,range: rewrite in new numbers,"Chapters 1–20 have already used dense batches, images, sequences, attention heads,"
chapters/appendices/a2-tensors.qmd,97,72,prose,Chapter 8,8,9,auto,@sec-08-cnn,,"boundary: assert the result, and then follow one convention internally. Chapter 8"
chapters/appendices/a2-tensors.qmd,99,15,prose,Chapter 10,10,12,auto,@sec-10-sequences-rnn,,(@sec-08-cnn); Chapter 10 establishes batch-first sequences
chapters/appendices/a2-tensors.qmd,100,25,prose,Chapters 13–16,13+16,15+19,manual,,range: rewrite in new numbers,(@sec-10-sequences-rnn); Chapters 13–16 extend that sequence convention to source
chapters/appendices/a2-tensors.qmd,453,19,prose,Chapters 13–15,13+15,15+18,manual,,range: rewrite in new numbers,the model may use. Chapters 13–15 derive those modeling choices in
chapters/appendices/a2-tensors.qmd,516,60,prose,Chapters 13–15,13+15,15+18,manual,,range: rewrite in new numbers,operations still need the original axes. Attention masks in Chapters 13–15 preserve
chapters/appendices/a2-tensors.qmd,576,27,prose,Chapter 17,17,20,auto,@sec-17-peft-quantization,,when its semantics differ. Chapter 17 applies that distinction to stored and computed
chapters/appendices/a3-precision-performance.qmd,195,0,prose,Chapter 17,17,20,auto,@sec-17-peft-quantization,,Chapter 17 treats those choices as quantization policies rather than magical calls to
chapters/appendices/a3-precision-performance.qmd,325,2,prose,Chapter 10,10,12,auto,@sec-10-sequences-rnn,,- Chapter 10's default forget-gate factor compounds to
chapters/appendices/a3-precision-performance.qmd,580,60,prose,Chapter 14,14,16,auto,@sec-14-self-attention-transformer,,layer's earlier projected rows and appends one new pair. In Chapter 14's regression
chapters/appendices/a3-precision-performance.qmd,612,38,prose,Chapter 14,14,16,auto,@sec-14-self-attention-transformer,,"re-attending old queries. That is why Chapter 14's naive sampler, which rebuilds its"
chapters/appendices/a3-precision-performance.qmd,615,11,prose,Chapter 17,17,20,auto,@sec-17-peft-quantization,,unchanged. Chapter 17 adds this linear-size cache to the total-memory ledger
chapters/appendices/a4-notation.qmd,11,36,prose,Chapters 1–20,1+20,1+23,manual,,range: rewrite in new numbers,"This appendix is a decoding key for Chapters 1–20, not a replacement for definitions"
chapters/appendices/a4-notation.qmd,121,47,prose,Chapter 4,4,4,auto,@sec-04-training-loss-sgd,,"Likewise, $t$ can mean an optimization step in Chapter 4 and a diffusion step in"
chapters/appendices/a4-notation.qmd,122,0,prose,Chapter 19,19,22,auto,@sec-19-generative,,Chapter 19. The dictionary records recurring habits; it does not license skipping a
chapters/appendices/a4-notation.qmd,179,64,prose,Chapter 12,12,14,auto,@sec-12-kernel-regression,,"| $\tau$ | Temperature: kernel bandwidth through $\tau=2h^2$ in Chapter 12, attention sharpness, or contrastive-logit scale with $\tau=e^{-\gamma}$ in Chapter 20 |"
chapters/appendices/a4-notation.qmd,179,151,prose,Chapter 20,20,23,auto,@sec-20-multimodal,,"| $\tau$ | Temperature: kernel bandwidth through $\tau=2h^2$ in Chapter 12, attention sharpness, or contrastive-logit scale with $\tau=e^{-\gamma}$ in Chapter 20 |"
chapters/appendices/a5-statistical-learning.qmd,15,39,prose,"Chapters 1, 4, 6, 18",1+4+6+18,1+4+6+21,manual,,list of chapters,"It is a reference, not a prerequisite. Chapters 1, 4, 6, 18, and 19 state the pieces"
chapters/appendices/a5-statistical-learning.qmd,79,0,prose,Chapter 6,6,6,auto,@sec-06-generalization-inductive-bias,,Chapter 6 uses a controlled transformation to make this distinction visible. For a
chapters/appendices/a5-statistical-learning.qmd,166,0,prose,Chapters 18 and 19,18+19,21+22,auto,Chapters [-@sec-18-alignment] and [-@sec-19-generative],,Chapters 18 and 19 compare distributions for different reasons. The symbol “distance”
chapters/epilogue.qmd,94,84,prose,Chapter 6,6,6,auto,@sec-06-generalization-inductive-bias,,gradient descent turned those gradients into updates. That bought expressive power. Chapter 6's
chapters/epilogue.qmd,124,0,prose,Chapter 20,20,23,auto,@sec-20-multimodal,,Chapter 20 carried the same comparison rule across modalities: paired observations
chapters/epilogue.qmd,162,32,prose,Chapter 6,6,6,auto,@sec-06-generalization-inductive-bias,,all shape the learned function. Chapter 6 named augmentation as data-side inductive
chapters/epilogue.qmd,203,0,prose,"Chapters 12, 14",12+14,14+16,manual,,list of chapters,"Chapters 12, 14, and 17 answered with evidence already observed: memory fits the past."
chapters/epilogue.qmd,221,35,code,Ch. 17,17,20,manual,,inside code (stays per brief; listed),"(0, 1, ""#EAF2EA"", ""prompting + Ch. 17 ICL*\nTTT / fast-weight memory""),"
chapters/epilogue.qmd,224,36,code,Ch. 18,18,21,manual,,inside code (stays per brief; listed),"(1, 0, ""#F4E8EC"", ""RLHF / DPO* (Ch. 18)""),"
chapters/epilogue.qmd,250,58,prose,Chapter 18,18,21,auto,@sec-18-alignment,,"persistent weights may move, not which signal moves them. Chapter 18 trained a judge"
chapters/interludes/attention-as-test-time-regression.qmd,8,0,prose,Chapter 14,14,16,auto,@sec-14-self-attention-transformer,,Chapter 14 kept visible evidence in a growing key--value table. This interlude holds
chapters/interludes/attention-as-test-time-regression.qmd,21,25,prose,Chapter 10,10,12,auto,@sec-10-sequences-rnn,,The Transformer resolved Chapter 10's bottleneck by keeping the visible evidence
chapters/interludes/attention-as-test-time-regression.qmd,23,19,prose,Chapter 12,12,14,auto,@sec-12-kernel-regression,,"keep the *problem* Chapter 12 posed, but change how the forward pass solves it."
chapters/interludes/attention-as-test-time-regression.qmd,58,33,prose,Chapter 13,13,15,auto,@sec-13-attention,,"**The views.** $W_Q,W_K,W_V$ are Chapter 13's learned comparison and payload spaces."
chapters/interludes/attention-as-test-time-regression.qmd,63,21,prose,Chapter 10,10,12,auto,@sec-10-sequences-rnn,,the fitting problem. Chapter 10's forget gates prepared the idea that retention can
chapters/interludes/attention-as-test-time-regression.qmd,69,15,prose,Chapter 1,1,1,auto,@sec-01-linear-regression,,penalties from Chapter 1 and weight decay from Chapter 4. Regularization controls the
chapters/interludes/attention-as-test-time-regression.qmd,69,47,prose,Chapter 4,4,4,auto,@sec-04-training-loss-sgd,,penalties from Chapter 1 and weight decay from Chapter 4. Regularization controls the
chapters/interludes/attention-as-test-time-regression.qmd,82,0,prose,Chapter 12,12,14,auto,@sec-12-kernel-regression,,Chapter 12 was more precise than saying “attention minimizes
chapters/interludes/learning-by-experiment.qmd,8,0,prose,Chapter 6,6,6,auto,@sec-06-generalization-inductive-bias,,"Chapter 6 ended with a model whose code was correct, whose loss fell, and whose"
chapters/interludes/learning-by-experiment.qmd,244,0,prose,Chapter 9,9,10,auto,@sec-09-modern-cnns-transfer,,Chapter 9 opens BatchNorm and explains its train/evaluation behavior. This interlude
chapters/interludes/learning-by-experiment.qmd,278,58,prose,Chapter 6,6,6,auto,@sec-06-generalization-inductive-bias,,The 600-image file is **not a globally sealed test set**: Chapter 6 has already used
chapters/interludes/learning-by-experiment.qmd,279,29,prose,Chapters 8 and 9,8+9,9+10,auto,Chapters [-@sec-08-cnn] and [-@sec-09-modern-cnns-transfer],,"the same book benchmark, and Chapters 8 and 9 will reuse it later. Within this worked"
chapters/interludes/learning-by-experiment.qmd,799,60,prose,Chapter 4,4,4,auto,@sec-04-training-loss-sgd,,This protocol will return repeatedly. The optimizer race in Chapter 4 is a fixed
chapters/interludes/learning-by-experiment.qmd,800,37,prose,Chapter 6,6,6,auto,@sec-06-generalization-inductive-bias,,"recipe, so it describes that recipe. Chapter 6 uses one seeded sweep as a mechanism"
chapters/interludes/making-pca-learnable.qmd,241,0,prose,Chapter 3,3,3,auto,@sec-03-nonlinearity-mlp,,Chapter 3 already supplied the activation-layer idea. Here $\tanh$ is simply a
chapters/part1/01-linear-regression.qmd,70,5,prose,Chapter 6,6,6,auto,@sec-06-generalization-inductive-bias,,$Q$. Chapter 6 will make that difference visible; @sec-a5-statistical-learning later
chapters/part1/02-logistic-softmax.qmd,175,35,prose,Chapter 3,3,3,auto,@sec-03-nonlinearity-mlp,,"book, from multilayer perceptrons (Chapter 3) to convolutional stacks (Chapters 8 and 9)"
chapters/part1/02-logistic-softmax.qmd,175,71,prose,Chapters 8 and 9,8+9,9+10,auto,Chapters [-@sec-08-cnn] and [-@sec-09-modern-cnns-transfer],,"book, from multilayer perceptrons (Chapter 3) to convolutional stacks (Chapters 8 and 9)"
chapters/part1/02-logistic-softmax.qmd,176,18,prose,Chapters 14 to 16,14+16,16+19,manual,,range: rewrite in new numbers,and Transformers (Chapters 14 to 16); the head usually stays this small linear map.
chapters/part1/02-logistic-softmax.qmd,178,63,prose,"Chapters 9, 15",9+15,10+18,manual,,list of chapters,"classes often keeps its backbone and trains only a fresh head (Chapters 9, 15, and 17),"
chapters/part1/02-logistic-softmax.qmd,306,386,option:fig-cap,Chapter 13,13,15,auto,@sec-13-attention,,"#| fig-cap: ""The softening move, in one row. The same four logits (left) pass through the hard argmax-plus-one-hot selection (a cliff with zero gradient almost everywhere) and through softmax at three"
chapters/part1/02-logistic-softmax.qmd,369,73,prose,Chapter 18,18,21,auto,@sec-18-alignment,,"matter when the first argument moves too, as in the alignment penalty of Chapter 18 and"
chapters/part1/02-logistic-softmax.qmd,370,31,prose,Chapter 19,19,22,auto,@sec-19-generative,,the variational autoencoder of Chapter 19. @sec-a5-statistical-learning compares KL with
chapters/part1/02-logistic-softmax.qmd,501,62,prose,Chapters 4 and 5,4+5,4+5,auto,Chapters [-@sec-04-training-loss-sgd] and [-@sec-05-backpropagation],,remain the previews marked in @sec-01-linear-regression until Chapters 4 and 5.
chapters/part1/03-nonlinearity-mlp.qmd,498,68,prose,Chapter 2,2,2,auto,@sec-02-logistic-softmax,,"the exact coordinate $-b/\lVert\vect{w}\rVert$, a straight line. In Chapter 2's"
chapters/part1/04-training-loss-sgd.qmd,422,73,prose,Chapter 1,1,1,auto,@sec-01-linear-regression,,The cell also uses `backward()` as the framework instrument previewed in Chapter 1. It
chapters/part1/04-training-loss-sgd.qmd,619,64,prose,Listing 4.1,4.1,4,manual,,manual listing number: renumber literally,"That recipe, as code. The book keeps it as a tested function: **Listing 4.1**,"
chapters/part1/05-backpropagation.qmd,926,65,prose,Chapter 20,20,23,auto,@sec-20-multimodal,,"Backpropagation is the engine under every later chapter, through Chapter 20. The next"
chapters/part1/05-backpropagation.qmd,953,49,prose,Chapter 11,11,13,manual,,second-volume context,"- Shakeri, *Deep Learning: Making It Trainable*, Chapter 11,"
chapters/part1/06-generalization-inductive-bias.qmd,37,11,prose,Chapter 4,4,4,auto,@sec-04-training-loss-sgd,,3. Fit the Chapter 4 recipe on the fixed Fashion-MNIST development split.
chapters/part1/06-generalization-inductive-bias.qmd,61,49,code,Listing 4.1,4.1,4,manual,,inside code (stays per brief; listed),from dlbook.supervised import fit_supervised   # Listing 4.1
chapters/part1/06-generalization-inductive-bias.qmd,68,21,code,Listing 4.1,4.1,4,manual,,inside code (stays per brief; listed),# The delta from Listing 4.1 is one line: this chapter's model.
chapters/part1/06-generalization-inductive-bias.qmd,184,51,prose,Chapter 1,1,1,auto,@sec-01-linear-regression,,This is the distributional distinction prepared in Chapter 1. If
chapters/part2/07-filters-convolution.qmd,24,16,prose,Chapter 6,6,6,auto,@sec-06-generalization-inductive-bias,,"The failures of Chapter 6 tell us what knowledge to build in, the two principles from"
chapters/part2/07-filters-convolution.qmd,215,28,prose,Chapter 6,6,6,auto,@sec-06-generalization-inductive-bias,,"Now collect the reward that Chapter 6's MLP could never have. Away from boundaries,"
chapters/part2/07-filters-convolution.qmd,249,9,prose,Chapter 6,6,6,auto,@sec-06-generalization-inductive-bias,,Contrast Chapter 6: the MLP's global templates degraded under a 2-pixel shift because
chapters/part2/07-filters-convolution.qmd,273,58,prose,Chapter 6,6,6,auto,@sec-06-generalization-inductive-bias,,"detector owns **nine**, reused at every position. This is Chapter 6's"
chapters/part2/07-filters-convolution.qmd,388,37,prose,Chapter 6,6,6,auto,@sec-06-generalization-inductive-bias,,same argument fail for the MLP of Chapter 6? State where the proof applies at a
chapters/part2/08-cnn.qmd,10,0,prose,Chapter 7,7,8,auto,@sec-07-filters-convolution,,Chapter 7 closed on a question it had spent a whole chapter earning: we built a machine
chapters/part2/08-cnn.qmd,66,24,prose,Chapter 7,7,8,auto,@sec-07-filters-convolution,,"touching anything else. Chapter 7's `conv2d` helper hid this with `x[None, None]`;"
chapters/part2/08-cnn.qmd,72,50,prose,Chapter 7,7,8,auto,@sec-07-filters-convolution,,"Here is a game. I have a feature detector (one of Chapter 7's zoo, though I will not"
chapters/part2/08-cnn.qmd,79,49,prose,Chapter 1,1,1,auto,@sec-01-linear-regression,,random kernel and run the loop we have run since Chapter 1: predict $\rightarrow$
chapters/part2/08-cnn.qmd,131,200,option:fig-cap,Chapter 7,7,8,auto,@sec-07-filters-convolution,,"#| fig-cap: ""The mystery-detector game. Left: the random starting kernel. Middle: the kernel gradient descent found from input–output pairs alone. Right: the hand-crafted vertical Sobel detector from "
chapters/part2/08-cnn.qmd,145,17,prose,Chapter 7,7,8,auto,@sec-07-filters-convolution,,cell writ large. Chapter 7 ended with the bottleneck: hand-crafted kernels are limited
chapters/part2/08-cnn.qmd,150,0,prose,Chapter 4,4,4,auto,@sec-04-training-loss-sgd,,Chapter 4.
chapters/part2/08-cnn.qmd,156,66,prose,Chapter 1,1,1,auto,@sec-01-linear-regression,,"is linear in the kernel $K$, and squared error in a linear map is Chapter 1's setting all over"
chapters/part2/08-cnn.qmd,175,26,prose,Chapter 7,7,8,auto,@sec-07-filters-convolution,,one magnifying glass. But Chapter 7's zoo already told us one specialist is not
chapters/part2/08-cnn.qmd,200,34,prose,Chapter 3,3,3,auto,@sec-03-nonlinearity-mlp,,follows. A convolutional layer is Chapter 3's recipe with a structured linear map:
chapters/part2/08-cnn.qmd,237,0,prose,Chapter 7,7,8,auto,@sec-07-filters-convolution,,Chapter 7's zoo can stage the story before any learning enters. Give the first layer
chapters/part2/08-cnn.qmd,289,59,prose,Chapter 7,7,8,auto,@sec-07-filters-convolution,,"are *recipes*: stateless, everything passed in by hand. In Chapter 7 the kernel was"
chapters/part2/08-cnn.qmd,297,0,prose,Chapter 7,7,8,auto,@sec-07-filters-convolution,,Chapter 7 left an administrative debt: a $k \times k$ kernel on an $n \times n$ image
chapters/part2/08-cnn.qmd,346,0,prose,Chapter 7,7,8,auto,@sec-07-filters-convolution,,"Chapter 7 banked. Under matched boundary rules, convolution is equivariant on the"
chapters/part2/08-cnn.qmd,519,33,prose,Chapter 3,3,3,auto,@sec-03-nonlinearity-mlp,,"`padding=2`, pooling twice, then Chapter 3's MLP as the decision head. The"
chapters/part2/08-cnn.qmd,520,72,prose,Chapter 2,2,2,auto,@sec-02-logistic-softmax,,"convolutional layers form the backbone, and `fc1` through `fc3` replace Chapter 2's"
chapters/part2/08-cnn.qmd,521,41,prose,Chapter 2,2,2,auto,@sec-02-logistic-softmax,,"single linear head with a small MLP. Per Chapter 2's advice, the model returns raw"
chapters/part2/08-cnn.qmd,540,21,prose,Chapter 6,6,6,auto,@sec-06-generalization-inductive-bias,,"7's sales pitch, and Chapter 6's MLP is the yardstick):"
chapters/part2/08-cnn.qmd,546,30,prose,Chapter 6,6,6,auto,@sec-06-generalization-inductive-bias,,"3. Parameter audit, LeNet vs. Chapter 6's MLP."
chapters/part2/08-cnn.qmd,551,51,option:code-summary,Chapter 6,6,6,manual,,code-summary is plain text: renumber literally,"#| code-summary: ""Code: parameter audit, LeNet vs. Chapter 6's MLP"""
chapters/part2/08-cnn.qmd,572,37,prose,Chapter 7,7,8,auto,@sec-07-filters-convolution,,Weight sharing is doing exactly what Chapter 7's matrix view promised. Within LeNet:
chapters/part2/08-cnn.qmd,595,49,code,Listing 4.1,4.1,4,manual,,inside code (stays per brief; listed),from dlbook.supervised import fit_supervised   # Listing 4.1
chapters/part2/08-cnn.qmd,602,6,code,Listing 4.1,4.1,4,manual,,inside code (stays per brief; listed),# Listing 4.1 verbatim; this chapter's deltas are the budget (150
chapters/part2/08-cnn.qmd,633,0,prose,Chapter 6,6,6,auto,@sec-06-generalization-inductive-bias,,Chapter 6 convicted our MLP with one experiment: shift every validation garment two pixels
chapters/part2/08-cnn.qmd,671,73,code,Ch. 6,6,6,manual,,inside code (stays per brief; listed),"plt.plot(shifts, acc_mlp, ""o-"", color=""#E57200"", lw=2, ms=7, label=""MLP (Ch. 6)"")"
chapters/part2/08-cnn.qmd,690,75,prose,Chapter 6,6,6,auto,@sec-06-generalization-inductive-bias,,"full cell in that grid, and the head is as brittle to cell-level shifts as Chapter 6's"
chapters/part2/08-cnn.qmd,695,30,prose,Chapter 6,6,6,auto,@sec-06-generalization-inductive-bias,,"One last look inside, because Chapter 6 also showed us what the MLP's first layer"
chapters/part2/08-cnn.qmd,709,58,code,Figure 8.3,8.3,9,manual,,inside code (stays per brief; listed),example_index = 3                                   # the Figure 8.3 coat
chapters/part2/08-cnn.qmd,721,172,option:fig-cap,Figure 8.3,8.3,9,manual,,literal figure number: convert to @fig ref,"#| fig-cap: ""What LeNet learned to look for. Top: six first-layer 5×5 kernels (red positive, blue negative). Bottom: their feature maps on the same validation coat used in Figure 8.3, whose sleeves an"
chapters/part2/08-cnn.qmd,801,3,prose,Chapter 6,6,6,auto,@sec-06-generalization-inductive-bias,,Chapter 6's prescription.
chapters/part2/09-modern-cnns-transfer.qmd,17,0,prose,Chapter 8,8,9,auto,@sec-08-cnn,,Chapter 8 ended with a working machine and a report card. LeNet reads garments at
chapters/part2/09-modern-cnns-transfer.qmd,44,24,prose,Listing 4.1,4.1,4,manual,,manual listing number: renumber literally,Both trainers below are Listing 4.1 with one factoring: the inner loop
chapters/part2/09-modern-cnns-transfer.qmd,111,0,prose,Chapter 8,8,9,auto,@sec-08-cnn,,"Chapter 8 already opened the 600-image holdout, and this chapter queries it"
chapters/part2/09-modern-cnns-transfer.qmd,172,51,prose,Chapter 8,8,9,auto,@sec-08-cnn,,"Before we stack deeper than ever, we need the tool Chapter 8 used and we deferred."
chapters/part2/09-modern-cnns-transfer.qmd,335,29,prose,Chapter 1,1,1,auto,@sec-01-linear-regression,,"separately at every pixel**, Chapter 1's machine, miniaturized and stamped across"
chapters/part2/09-modern-cnns-transfer.qmd,413,52,prose,Chapter 2,2,2,auto,@sec-02-logistic-softmax,,different weight to every location. What remains is Chapter 2's classification head
chapters/part2/09-modern-cnns-transfer.qmd,426,13,option:fig-cap,Chapter 8,8,9,auto,@sec-08-cnn,,"#| fig-cap: ""Chapter 8's experiment, third round. LeNet's flatten head still slides below 30% by four pixels of shift. NINSmall with its global-average-pool head barely tilts: per-channel averages cha"
chapters/part2/09-modern-cnns-transfer.qmd,448,50,code,Chapter 8,8,9,manual,,inside code (stays per brief; listed),"lenet = train_model(LeNet, epochs=150)          # Chapter 8's model, same recipe"
chapters/part2/09-modern-cnns-transfer.qmd,487,33,prose,Chapter 8,8,9,auto,@sec-08-cnn,,"That result is *consistent with* Chapter 8's warning: on centered data, position can"
chapters/part2/09-modern-cnns-transfer.qmd,659,30,prose,Chapter 5,5,5,auto,@sec-05-backpropagation,,Read the right-hand side with Chapter 5 eyes. A gradient arriving at a block's output
chapters/part2/09-modern-cnns-transfer.qmd,664,0,prose,Chapter 5,5,5,auto,@sec-05-backpropagation,,Chapter 5 called ReLU's open gate a *gradient superhighway* through a single unit; a
chapters/part2/09-modern-cnns-transfer.qmd,669,57,prose,Chapter 5,5,5,auto,@sec-05-backpropagation,,"Here is the highway visible at initialization, extending Chapter 5's depth experiment"
chapters/part2/09-modern-cnns-transfer.qmd,1169,35,prose,Chapter 1,1,1,auto,@sec-01-linear-regression,,3. **$1\times1$ convolutions** run Chapter 1's linear model across channels at every
chapters/part2/09-modern-cnns-transfer.qmd,1176,37,prose,Chapter 5,5,5,auto,@sec-05-backpropagation,,"an identity lane to the Jacobian, Chapter 5's gradient superhighway as"
chapters/part2/09-modern-cnns-transfer.qmd,1232,66,prose,Chapter 6,6,6,auto,@sec-06-generalization-inductive-bias,,from scratch with random horizontal flips and ±3-pixel shifts (Chapter 6's
chapters/part3/10-sequences-rnn.qmd,37,9,prose,Chapter 6,6,6,auto,@sec-06-generalization-inductive-bias,,verdict. Chapter 6 shuffled every pixel with one fixed permutation and retrained the
chapters/part3/10-sequences-rnn.qmd,50,49,prose,Chapter 7,7,8,auto,@sec-07-filters-convolution,,"over: it is autoregression, and the *sliding* is Chapter 7's one-dimensional"
chapters/part3/10-sequences-rnn.qmd,99,30,prose,Chapter 3,3,3,auto,@sec-03-nonlinearity-mlp,,The simplest choice of $f$ is Chapter 3's recipe with the state concatenated in:
chapters/part3/10-sequences-rnn.qmd,110,42,prose,Chapter 2,2,2,auto,@sec-02-logistic-softmax,,The readout $\vect{o}_t$ produces logits (Chapter 2's machinery) and you can
chapters/part3/10-sequences-rnn.qmd,155,16,prose,Chapter 8,8,9,auto,@sec-08-cnn,,"axis has joined Chapter 8's NCHW discipline, and the loop runs over that middle"
chapters/part3/10-sequences-rnn.qmd,164,245,option:fig-cap,Chapter 3,3,3,auto,@sec-03-nonlinearity-mlp,,"#| fig-cap: ""Two drawings of the same machine. Left: one cell whose hidden state loops back into itself. Right: the loop unrolled: a chain of copies of the *same* cell, each consuming one input and pa"
chapters/part3/10-sequences-rnn.qmd,212,17,prose,Chapter 5,5,5,auto,@sec-05-backpropagation,,"Tied depth means Chapter 5's rules apply verbatim. To train on a sequence, run the"
chapters/part3/10-sequences-rnn.qmd,230,57,prose,Chapter 5,5,5,auto,@sec-05-backpropagation,,$\matr{W}_{hh}^{\top}$ carries it to the previous state. Chapter 5 taught you to fear
chapters/part3/10-sequences-rnn.qmd,236,71,prose,Chapter 5,5,5,auto,@sec-05-backpropagation,,"of text is a hundred layers deep. Watch the collapse, in the spirit of Chapter 5's"
chapters/part3/10-sequences-rnn.qmd,248,212,option:fig-cap,Chapter 5,5,5,auto,@sec-05-backpropagation,,"#| fig-cap: ""How much gradient a freshly initialized vanilla RNN's output sends back to its first input, as the lag between them grows. Fifteen orders of magnitude gone by sixty steps: the same expone"
chapters/part3/10-sequences-rnn.qmd,335,59,prose,Chapter 2,2,2,auto,@sec-02-logistic-softmax,,"Each valve is a small learned layer squashed by a sigmoid (Chapter 2's machine,"
chapters/part3/10-sequences-rnn.qmd,430,14,prose,Chapter 9,9,10,auto,@sec-09-modern-cnns-transfer,,matrix. Where Chapter 9's residual highway kept an unconditional identity lane
chapters/part3/10-sequences-rnn.qmd,465,305,option:fig-cap,Chapter 9,9,10,auto,@sec-09-modern-cnns-transfer,,"#| fig-cap: ""The gradient-vs-lag experiment, rerun with an LSTM whose effective forget-gate bias is initialized to +1. The vanilla RNN's derivative signal dies exponentially; the LSTM's rides the cell"
chapters/part3/10-sequences-rnn.qmd,564,7,prose,Chapter 5,5,5,auto,@sec-05-backpropagation,,"lesson Chapter 5 taught about signal scales at birth, now with a memory attached."
chapters/part3/10-sequences-rnn.qmd,693,48,prose,Chapter 2,2,2,auto,@sec-02-logistic-softmax,,"Time to put fixed windows, clipping, gates, and Chapter 2's softmax over a"
chapters/part3/10-sequences-rnn.qmd,712,58,option:code-summary,Chapters 1–9,1+9,1+10,manual,,range: rewrite in new numbers,"#| code-summary: ""Code: a character-level LSTM trained on Chapters 1–9"""
chapters/part3/10-sequences-rnn.qmd,758,2,prose,Listing 10.1,10.1,12,manual,,manual listing number: renumber literally,**Listing 10.1**: the canonical next-token trainer:
chapters/part3/10-sequences-rnn.qmd,774,2,prose,Listing 10.2,10.2,12,manual,,manual listing number: renumber literally,**Listing 10.2**: the fixed-window evaluation protocol (state reset at every
chapters/part3/10-sequences-rnn.qmd,794,35,prose,Listing 10.1,10.1,12,manual,,manual listing number: renumber literally,2. Train it with `fit_next_token` (Listing 10.1).
chapters/part3/10-sequences-rnn.qmd,801,47,code,Listing 10.1,10.1,12,manual,,inside code (stays per brief; listed),"from dlbook.training import fit_next_token   # Listing 10.1, imported"
chapters/part3/10-sequences-rnn.qmd,809,52,code,Listing 10.2,10.2,12,manual,,inside code (stays per brief; listed),"from dlbook.evaluation import fixed_window_loss   # Listing 10.2, imported"
chapters/part3/10-sequences-rnn.qmd,822,13,prose,Chapter 2,2,2,auto,@sec-02-logistic-softmax,,"flattens it, Chapter 2's dial between hard max and uniform), feed that character"
chapters/part3/10-sequences-rnn.qmd,949,45,prose,Chapter 1,1,1,auto,@sec-01-linear-regression,,computation you have been prepared for since Chapter 1's dot products. The next
chapters/part3/10-sequences-rnn.qmd,970,28,prose,Chapter 6,6,6,auto,@sec-06-generalization-inductive-bias,,1. **Order is the signal.** Chapter 6's MLP could absorb one fixed pixel permutation
chapters/part3/10-sequences-rnn.qmd,978,26,prose,Chapter 5,5,5,auto,@sec-05-backpropagation,,3. **Tied depth in time = Chapter 5's nightmare**: BPTT multiplies $T$
chapters/part3/10-sequences-rnn.qmd,984,3,prose,Chapter 9,9,10,auto,@sec-09-modern-cnns-transfer,,"Chapter 9's residual highway laid across time, with three sigmoid valves"
chapters/part3/10-sequences-rnn.qmd,1030,33,prose,Chapter 2,2,2,auto,@sec-02-logistic-softmax,,step. Connect what you see to Chapter 2's hard-max-versus-softmax discussion:
chapters/part3/11-encoder-decoder.qmd,15,0,prose,Chapter 10,10,12,auto,@sec-10-sequences-rnn,,Chapter 10 ended with a promise: if one recurrent cell can read a sequence *into* a
chapters/part3/11-encoder-decoder.qmd,32,22,prose,Chapter 10,10,12,auto,@sec-10-sequences-rnn,,different vocabulary. Chapter 10's recurrent cell broke the contract on the input
chapters/part3/11-encoder-decoder.qmd,40,64,prose,Chapter 10,10,12,auto,@sec-10-sequences-rnn,,"output token by token, feeding each token back in, exactly like Chapter 10's"
chapters/part3/11-encoder-decoder.qmd,144,41,prose,Chapter 10,10,12,auto,@sec-10-sequences-rnn,,"One more new tool, and it earns a pause. Chapter 10 fed characters in as one-hot"
chapters/part3/11-encoder-decoder.qmd,147,61,prose,Chapter 1,1,1,auto,@sec-01-linear-regression,,"embedding is exactly a one-hot vector times a weight matrix, Chapter 1's linear"
chapters/part3/11-encoder-decoder.qmd,717,65,prose,Chapter 10,10,12,auto,@sec-10-sequences-rnn,,"all crammed through the same fixed pipe, *regardless of length*. Chapter 10"
chapters/part3/11-encoder-decoder.qmd,725,31,prose,Chapter 1,1,1,auto,@sec-01-linear-regression,,"have owned the primitive since Chapter 1's dot product, and Chapter 2 promised"
chapters/part3/11-encoder-decoder.qmd,725,60,prose,Chapter 2,2,2,auto,@sec-02-logistic-softmax,,"have owned the primitive since Chapter 1's dot product, and Chapter 2 promised"
chapters/part3/11-encoder-decoder.qmd,767,198,prose,Chapter 13,13,15,auto,@sec-13-attention,,"- [Bahdanau, Cho, & Bengio, *Neural Machine Translation by Jointly Learning to Align and Translate*](https://arxiv.org/abs/1409.0473): removes the single-state bottleneck by learning where to look; Ch"
chapters/part3/11-encoder-decoder.qmd,777,65,prose,Chapter 8,8,9,auto,@sec-08-cnn,,"do most parameters live, and why is the answer different from Chapter 8's"
chapters/part4/12-kernel-regression.qmd,12,0,prose,Chapter 11,11,13,auto,@sec-11-encoder-decoder,,"Chapter 11 ended with a machine that could translate, and one uncomfortable picture:"
chapters/part4/12-kernel-regression.qmd,42,3,prose,Chapter 1,1,1,auto,@sec-01-linear-regression,,## Chapter 1 already mixed old answers
chapters/part4/12-kernel-regression.qmd,44,45,prose,Chapter 1,1,1,auto,@sec-01-linear-regression,,There is a piece of unfinished business from Chapter 1. Linear regression makes a
chapters/part4/12-kernel-regression.qmd,73,0,prose,Chapter 1,1,1,auto,@sec-01-linear-regression,,Chapter 1's promise was exact: $\widehat f(\vect{q})$ is a weighted combination of the
chapters/part4/12-kernel-regression.qmd,309,3,prose,Chapter 2,2,2,auto,@sec-02-logistic-softmax,,## Chapter 2's scores-to-weights machine
chapters/part4/12-kernel-regression.qmd,311,32,prose,Chapter 2,2,2,auto,@sec-02-logistic-softmax,,Now harvest the second promise. Chapter 2 introduced softmax as the machine that turns
chapters/part4/12-kernel-regression.qmd,346,28,prose,Chapter 2,2,2,auto,@sec-02-logistic-softmax,,"then exponentiates. That is Chapter 2's stable-softmax hygiene, now paying rent again."
chapters/part4/12-kernel-regression.qmd,352,41,prose,Chapter 1,1,1,auto,@sec-01-linear-regression,,neighborhood washes real structure away. Chapter 1 called this bias versus variance.
chapters/part4/12-kernel-regression.qmd,470,41,prose,Chapter 6,6,6,auto,@sec-06-generalization-inductive-bias,,itself. The generalization protocol from Chapter 6 still applies even when nothing is
chapters/part4/12-kernel-regression.qmd,612,35,prose,Chapter 11,11,13,auto,@sec-11-encoder-decoder,,The regression names now return to Chapter 11's memory bank. Each one names a
chapters/part4/12-kernel-regression.qmd,629,0,prose,Chapter 1,1,1,auto,@sec-01-linear-regression,,"Chapter 1 also planted one more similarity primitive, the dot product:"
chapters/part4/12-kernel-regression.qmd,647,31,prose,Chapter 7,7,8,auto,@sec-07-filters-convolution,,Now the Part II rhyme returns. Chapter 7 ended with a fixed image kernel and asked what
chapters/part4/12-kernel-regression.qmd,648,45,prose,Chapter 8,8,9,auto,@sec-08-cnn,,would happen if the filter became learnable. Chapter 8 answered with a CNN. We end Part
chapters/part4/12-kernel-regression.qmd,656,33,prose,Chapter 13,13,15,auto,@sec-13-attention,,"a query and key belong together. Chapter 13 makes that rule learnable, then returns to"
chapters/part4/12-kernel-regression.qmd,657,0,prose,Chapter 11,11,13,auto,@sec-11-encoder-decoder,,Chapter 11's date task so the decoder can show us where it looked.
chapters/part4/12-kernel-regression.qmd,672,5,prose,Chapter 1,1,1,auto,@sec-01-linear-regression,,1. **Chapter 1's linear prediction already mixed training targets.** OLS gives
chapters/part4/12-kernel-regression.qmd,681,5,prose,Chapter 2,2,2,auto,@sec-02-logistic-softmax,,4. **Chapter 2's softmax is the normalization exactly.** Positive-kernel weights equal
chapters/part4/12-kernel-regression.qmd,692,222,prose,Chapter 13,13,15,auto,@sec-13-attention,,"- [Bahdanau, Cho, & Bengio, *Neural Machine Translation by Jointly Learning to Align and Translate*](https://arxiv.org/abs/1409.0473): the neural-attention step that replaces one fixed context with le"
chapters/part4/12-kernel-regression.qmd,726,25,prose,Figure 12.1,12.1,14,manual,,literal figure number: convert to @fig ref,7. **(Code.)** Return to Figure 12.1 and parameterize a positive inverse bandwidth as
chapters/part4/13-attention.qmd,21,0,prose,Chapter 12,12,14,auto,@sec-12-kernel-regression,,"Chapter 12 built the whole attention operator except for one piece. It had a query,"
chapters/part4/13-attention.qmd,30,60,prose,Chapter 2,2,2,auto,@sec-02-logistic-softmax,,blend the stored values with the resulting weights. That is Chapter 2's softmax. This content-dependent
chapters/part4/13-attention.qmd,127,8,prose,Chapter 12,12,14,auto,@sec-12-kernel-regression,,This is Chapter 12's fixed matrix $\matr{A}\matr{V}$ with a learned score. It is
chapters/part4/13-attention.qmd,128,5,prose,Chapter 2,2,2,auto,@sec-02-logistic-softmax,,also Chapter 2's **scores $\rightarrow$ weights** machine in exactly the form that
chapters/part4/13-attention.qmd,139,14,prose,Chapter 12,12,14,auto,@sec-12-kernel-regression,,bottleneck**. Chapter 12 kept the memory bank; this chapter completes that relay by
chapters/part4/13-attention.qmd,142,0,prose,Chapter 8,8,9,auto,@sec-08-cnn,,Chapter 8 made one other promise. A CNN buys global sight by stacking local
chapters/part4/13-attention.qmd,175,43,prose,Chapter 7,7,8,auto,@sec-07-filters-convolution,,step $t$ and source position $i$. Remember Chapter 7's sliding filter: one learned
chapters/part4/13-attention.qmd,303,28,prose,Chapter 1,1,1,auto,@sec-01-linear-regression,,simpler computational path. Chapter 1 introduced the dot product as a similarity
chapters/part4/13-attention.qmd,389,50,prose,Chapter 14,14,16,auto,@sec-14-self-attention-transformer,,"has already built nonlinear sequence features. In Chapter 14, a feedforward"
chapters/part4/13-attention.qmd,486,27,prose,Chapter 2,2,2,auto,@sec-02-logistic-softmax,,stays near $0.24$. This is Chapter 2's **temperature dial** returning with a
chapters/part4/13-attention.qmd,494,0,prose,Chapter 11,11,13,auto,@sec-11-encoder-decoder,,Chapter 11 showed that padding can poison an encoder's final state. Attention creates
chapters/part4/13-attention.qmd,588,42,prose,Chapter 14,14,16,auto,@sec-14-self-attention-transformer,,attention mask is the one exercised here. Chapter 14 will use causal masking inside
chapters/part4/13-attention.qmd,598,13,prose,Chapter 11,11,13,auto,@sec-11-encoder-decoder,,## Return to Chapter 11's date task
chapters/part4/13-attention.qmd,611,71,prose,Chapter 11,11,13,auto,@sec-11-encoder-decoder,,The generator and split below are deliberately byte-for-byte copies of Chapter 11.
chapters/part4/13-attention.qmd,618,15,prose,Chapter 11,11,13,auto,@sec-11-encoder-decoder,,3. Reconstruct Chapter 11's sealed date benchmark.
chapters/part4/13-attention.qmd,625,36,option:code-summary,Chapter 11,11,13,manual,,code-summary is plain text: renumber literally,"#| code-summary: ""Code: reconstruct Chapter 11's sealed date benchmark"""
chapters/part4/13-attention.qmd,875,32,prose,Chapter 11,11,13,auto,@sec-11-encoder-decoder,,Notice what changed relative to Chapter 11. The embeddings and encoder width are
chapters/part4/13-attention.qmd,884,9,prose,Chapter 11,11,13,auto,@sec-11-encoder-decoder,,The full Chapter 11 validation curve below is frozen from a byte-identical
chapters/part4/13-attention.qmd,886,71,prose,Chapter 11,11,13,auto,@sec-11-encoder-decoder,,train the attentive model once and inspect only validation alignments. Chapter 11's
chapters/part4/13-attention.qmd,893,33,prose,Chapter 11,11,13,auto,@sec-11-encoder-decoder,,"1. Set the checkpoint epochs and Chapter 11's frozen curve, then build"
chapters/part4/13-attention.qmd,975,46,option:fig-cap,Chapter 11,11,13,auto,@sec-11-encoder-decoder,,"#| fig-cap: ""Left: exact-sequence accuracy on Chapter 11's fixed 400-source validation subset. Both models use the same data, embedding and recurrent hidden widths, optimizer, top-level seed, and epoc"
chapters/part4/13-attention.qmd,1032,38,prose,Chapter 11,11,13,auto,@sec-11-encoder-decoder,,decoder uses a Python step loop where Chapter 11's teacher-forced baseline uses one
chapters/part4/13-attention.qmd,1063,17,prose,Chapter 14,14,16,auto,@sec-14-self-attention-transformer,,easy to inspect. Chapter 14 derives the multi-head shapes and implements the full
chapters/part4/13-attention.qmd,1077,62,prose,Chapter 8,8,9,auto,@sec-08-cnn,,"layer, but it also removes the RNN's built-in sense of order. Chapter 8 warned that"
chapters/part4/13-attention.qmd,1078,37,prose,Chapter 14,14,16,auto,@sec-14-self-attention-transformer,,throwing away *where* incurs a debt; Chapter 14 pays it back with positional
chapters/part4/13-attention.qmd,1094,38,prose,Chapter 11,11,13,auto,@sec-11-encoder-decoder,,1. **Attention softens the address.** Chapter 11 learned embedding content while
chapters/part4/13-attention.qmd,1095,32,prose,Chapter 2,2,2,auto,@sec-02-logistic-softmax,,keeping lookup indices hard. Chapter 2's differentiable-lookup promise is now
chapters/part4/13-attention.qmd,1106,44,prose,Chapter 14,14,16,auto,@sec-14-self-attention-transformer,,belongs to the self-attentive decoder in Chapter 14.
chapters/part4/13-attention.qmd,1112,68,prose,Chapter 14,14,16,auto,@sec-14-self-attention-transformer,,The recurrent networks that write the memory stay in place for now; Chapter 14 lets a
chapters/part4/13-attention.qmd,1120,185,prose,Chapter 14,14,16,auto,@sec-14-self-attention-transformer,,"- [Vaswani et al., *Attention Is All You Need*](https://papers.nips.cc/paper/7181-attention-is-all-you-need): introduces scaled dot-product and multi-head attention in the architecture Chapter 14 buil"
chapters/part4/14-self-attention-transformer.qmd,39,27,prose,Chapter 10,10,12,auto,@sec-10-sequences-rnn,,from 2.3405 to 1.9190. Yet Chapter 10's compact LSTM remains better at 1.8881. The new architecture
chapters/part4/14-self-attention-transformer.qmd,50,0,prose,Chapter 13,13,15,auto,@sec-13-attention,,Chapter 13 built exactly this kind of content-dependent routing. Self-attention
chapters/part4/14-self-attention-transformer.qmd,86,0,prose,Chapter 10,10,12,auto,@sec-10-sequences-rnn,,Chapter 10 named time as the book's third sharing axis. An RNN shares one transition
chapters/part4/14-self-attention-transformer.qmd,652,8,prose,Chapter 9,9,10,auto,@sec-09-modern-cnns-transfer,,This is Chapter 9's normalization equation applied along a different axis: the same
chapters/part4/14-self-attention-transformer.qmd,653,26,prose,Chapter 9,9,10,auto,@sec-09-modern-cnns-transfer,,"equation, different axis. Chapter 9's BatchNorm2d used batch and spatial axes for"
chapters/part4/14-self-attention-transformer.qmd,889,59,prose,Chapter 10,10,12,auto,@sec-10-sequences-rnn,,A fair rematch begins by preserving what can be preserved. Chapter 10 trained on
chapters/part4/14-self-attention-transformer.qmd,890,24,prose,Chapters 1–9,1+9,1+10,manual,,range: rewrite in new numbers,a committed snapshot of Chapters 1–9 with executable code cells and HTML comments
chapters/part4/14-self-attention-transformer.qmd,899,28,prose,Chapter 10,10,12,auto,@sec-10-sequences-rnn,,"The code below reconstructs Chapter 10's exact random-window schedule, then gives"
chapters/part4/14-self-attention-transformer.qmd,908,41,code,Chapter 10,10,12,manual,,inside code (stays per brief; listed),"# Environment, constants, and the pinned Chapter 10 corpus (protocol stated in"
chapters/part4/14-self-attention-transformer.qmd,1037,10,prose,Chapter 10,10,12,auto,@sec-10-sequences-rnn,,"1. Redraw Chapter 10's window schedule, clone one Transformer initialization, and hash"
chapters/part4/14-self-attention-transformer.qmd,1046,56,code,Chapter 10,10,12,manual,,inside code (stays per brief; listed),# Reconstruct the random-number state immediately after Chapter 10 created
chapters/part4/14-self-attention-transformer.qmd,1084,59,prose,Chapter 10,10,12,auto,@sec-10-sequences-rnn,,"The model has 132,488 trainable parameters, 736 fewer than Chapter 10's 133,224."
chapters/part4/14-self-attention-transformer.qmd,1107,28,prose,Chapter 10,10,12,auto,@sec-10-sequences-rnn,,"Training and evaluation are Chapter 10's canonical listings, imported. The"
chapters/part4/14-self-attention-transformer.qmd,1119,19,prose,Listing 10.1,10.1,12,manual,,manual listing number: renumber literally,*… body exactly as Listing 10.1: this chapter prints only what it changes.*
chapters/part4/14-self-attention-transformer.qmd,1123,3,prose,Chapter 10,10,12,auto,@sec-10-sequences-rnn,,"1. Chapter 10's trainer, imported: only the deltas printed."
chapters/part4/14-self-attention-transformer.qmd,1128,24,option:code-summary,Chapter 10,10,12,manual,,code-summary is plain text: renumber literally,"#| code-summary: ""Code: Chapter 10's trainer, imported: only the deltas printed"""
chapters/part4/14-self-attention-transformer.qmd,1131,50,code,Listing 10.1,10.1,12,manual,,inside code (stays per brief; listed),"from dlbook.training import fit_next_token      # Listing 10.1, Ch. 10"
chapters/part4/14-self-attention-transformer.qmd,1131,64,code,Ch. 10,10,12,manual,,inside code (stays per brief; listed),"from dlbook.training import fit_next_token      # Listing 10.1, Ch. 10"
chapters/part4/14-self-attention-transformer.qmd,1132,51,code,Listing 10.2,10.2,12,manual,,inside code (stays per brief; listed),"from dlbook.evaluation import fixed_window_loss  # Listing 10.2, Ch. 10"
chapters/part4/14-self-attention-transformer.qmd,1132,65,code,Ch. 10,10,12,manual,,inside code (stays per brief; listed),"from dlbook.evaluation import fixed_window_loss  # Listing 10.2, Ch. 10"
chapters/part4/14-self-attention-transformer.qmd,1218,9,prose,Chapter 10,10,12,auto,@sec-10-sequences-rnn,,"1. Store Chapter 10's LSTM held-out loss, 1.888110429, as `lstm_valid_loss`."
chapters/part4/14-self-attention-transformer.qmd,1245,123,option:fig-cap,Chapter 10,10,12,auto,@sec-10-sequences-rnn,,"#| fig-cap: ""Matched training curves (left) and fixed-window held-out loss (right). Position helps in this seed, while the Chapter 10 LSTM remains the strongest small model."""
chapters/part4/14-self-attention-transformer.qmd,1246,211,option:fig-alt,Chapter 10,10,12,manual,,alt text is plain text: renumber literally,"#| fig-alt: ""Two-panel matched comparison. Training losses start together near 4.7, then the positional Transformer falls steadily to about 1.1 while the no-position model ends near 1.85. Held-out bar"
chapters/part4/14-self-attention-transformer.qmd,1261,11,code,Ch. 10,10,12,manual,,inside code (stays per brief; listed),"labels = [""Ch. 10\nLSTM"", ""Transformer\n+ position"", ""Transformer\nno position""]"
chapters/part4/14-self-attention-transformer.qmd,1285,4,prose,Chapter 10,10,12,auto,@sec-10-sequences-rnn,,"But Chapter 10's LSTM remains ahead by 0.0309 held-out loss, or 1.64%. At 100"
chapters/part4/14-self-attention-transformer.qmd,1372,32,prose,Chapter 10,10,12,auto,@sec-10-sequences-rnn,,"feeding the result back. Unlike Chapter 10's LSTM, this simple implementation does"
chapters/part4/14-self-attention-transformer.qmd,1379,53,prose,Chapter 2,2,2,auto,@sec-02-logistic-softmax,,"For next-token logits $z_i$, **temperature** applies Chapter 2's softmax dial"
chapters/part4/14-self-attention-transformer.qmd,1455,23,prose,Chapter 12,12,14,auto,@sec-12-kernel-regression,,"regression language of Chapter 12, the KV cache is the nonparametric estimator's"
chapters/part4/14-self-attention-transformer.qmd,1483,27,prose,Chapter 13,13,15,auto,@sec-13-attention,,"1. **Self-attention reuses Chapter 13's operator within one sequence.** $Q$, $K$,"
chapters/part4/14-self-attention-transformer.qmd,1500,3,prose,Chapter 9,9,10,auto,@sec-09-modern-cnns-transfer,,Chapter 9's residual stream. LayerNorm is the same normalization equation over
chapters/part4/15-bert-pretraining.qmd,22,0,prose,Chapter 9,9,10,auto,@sec-09-modern-cnns-transfer,,Chapter 9 left a decision rule unfinished. Transfer should pay when **labels are
chapters/part4/15-bert-pretraining.qmd,404,0,prose,Chapter 10,10,12,auto,@sec-10-sequences-rnn,,Chapter 10 fixed its vocabulary at individual characters. A full-word vocabulary
chapters/part4/15-bert-pretraining.qmd,482,19,prose,Chapter 14,14,16,auto,@sec-14-self-attention-transformer,,embeddings replace Chapter 14's fixed sinusoidal table. Segment A/B embeddings
chapters/part4/15-bert-pretraining.qmd,530,8,prose,Chapter 2,2,2,auto,@sec-02-logistic-softmax,,"This is Chapter 2's classification head, reading the `[CLS]` state instead of raw"
chapters/part4/15-bert-pretraining.qmd,538,37,prose,Chapter 16,16,19,auto,@sec-16-vit-scaling,,teach it what information to gather. Chapter 16 will reuse this learned-summary
chapters/part4/15-bert-pretraining.qmd,626,0,prose,Chapter 9,9,10,auto,@sec-09-modern-cnns-transfer,,Chapter 9's three gates are easy to repeat and surprisingly hard to test. A first
chapters/part4/15-bert-pretraining.qmd,1522,12,prose,Chapter 9,9,10,auto,@sec-09-modern-cnns-transfer,,This closes Chapter 9's contract at toy scale:
chapters/part4/15-bert-pretraining.qmd,1655,36,prose,Chapter 11,11,13,auto,@sec-11-encoder-decoder,,"Once those next-token logits exist, Chapter 11's greedy and beam-search machinery"
chapters/part4/15-bert-pretraining.qmd,1657,16,prose,Chapter 17,17,20,auto,@sec-17-peft-quantization,,decision layer. Chapter 17 will return to how prompts alter the context supplied
chapters/part4/15-bert-pretraining.qmd,1750,46,prose,Chapter 14,14,16,auto,@sec-14-self-attention-transformer,,is selected and replaced by `[MASK]`. Draw Chapter 14's causal visibility
chapters/part4/15-bert-pretraining.qmd,1771,53,prose,Chapter 9,9,10,auto,@sec-09-modern-cnns-transfer,,strings at all three budgets. Map the evidence to Chapter 9's gates. Explain
chapters/part4/15-bert-pretraining.qmd,1780,8,prose,Chapter 10,10,12,auto,@sec-10-sequences-rnn,,"with Chapter 10's trainer, then compare rankings under one declared length"
chapters/part4/16-vit-scaling.qmd,19,0,prose,Chapter 14,14,16,auto,@sec-14-self-attention-transformer,,Chapter 14 promised that **global routing trades away locality bias**. Chapter 15
chapters/part4/16-vit-scaling.qmd,19,71,prose,Chapter 15,15,18,auto,@sec-15-bert-pretraining,,Chapter 14 promised that **global routing trades away locality bias**. Chapter 15
chapters/part4/16-vit-scaling.qmd,82,27,prose,Chapter 6,6,6,auto,@sec-06-generalization-inductive-bias,,"2. Load imports, the fixed Chapter 6 split, and image shapes."
chapters/part4/16-vit-scaling.qmd,87,43,option:code-summary,Chapter 6,6,6,manual,,code-summary is plain text: renumber literally,"#| code-summary: ""Code: imports, the fixed Chapter 6 split, and image shapes"""
chapters/part4/16-vit-scaling.qmd,261,16,prose,Chapter 14,14,16,auto,@sec-14-self-attention-transformer,,ViT then reuses Chapter 14's pre-LayerNorm encoder block. With
chapters/part4/16-vit-scaling.qmd,284,0,prose,Chapter 6,6,6,auto,@sec-06-generalization-inductive-bias,,"Chapter 6 called constraints a form of knowledge. **Inductive bias strikes again,"
chapters/part4/16-vit-scaling.qmd,679,68,option:fig-cap,Chapter 6,6,6,auto,@sec-06-generalization-inductive-bias,,"#| fig-cap: ""Five parameter- and schedule-matched runs on the fixed Chapter 6 split. Every line at left is one paired clean-validation comparison. At right, thin lines are individual seeds and thick l"
chapters/part4/16-vit-scaling.qmd,725,53,prose,Chapters 7–9,7+9,8+10,manual,,range: rewrite in new numbers,is consistent across the five fitted pairs with what Chapters 7–9 built into the
chapters/part4/16-vit-scaling.qmd,742,12,prose,Chapter 15,15,18,auto,@sec-15-bert-pretraining,,"Now harvest Chapter 15's second promise: **pretraining is a regime, not an"
chapters/part4/16-vit-scaling.qmd,1312,3,prose,Chapter 20,20,23,auto,@sec-20-multimodal,,Chapter 20's training-time $\gamma$. *Named wrong answer:* “better ECE means a
chapters/part5/17-peft-quantization.qmd,23,0,prose,Chapter 9,9,10,auto,@sec-09-modern-cnns-transfer,,Chapter 9 left us a transfer rule: importing a representation is most promising
chapters/part5/17-peft-quantization.qmd,26,48,prose,Chapter 16,16,19,auto,@sec-16-vit-scaling,,step: fine-tuning changes every encoder weight. Chapter 16 then planted a second
chapters/part5/17-peft-quantization.qmd,959,44,prose,Chapter 5,5,5,auto,@sec-05-backpropagation,,finite representations first encountered in Chapter 5. Here we need one narrower
chapters/part5/17-peft-quantization.qmd,1372,25,prose,Chapter 9,9,10,auto,@sec-09-modern-cnns-transfer,,That last point harvests Chapter 9's full promise. PEFT changes the cost **after**
chapters/part5/17-peft-quantization.qmd,1488,7,prose,Chapter 18,18,21,auto,@sec-18-alignment,,the Chapter 18 question of which behavior deserves reward.
chapters/part5/18-alignment.qmd,19,0,prose,Chapter 17,17,20,auto,@sec-17-peft-quantization,,Chapter 17 ended with a distinction worth keeping in view: **where the update lives
chapters/part5/18-alignment.qmd,1284,0,prose,Chapter 17,17,20,auto,@sec-17-peft-quantization,,"Chapter 17's axis remains orthogonal. SFT, DPO, or an online policy objective may update"
chapters/part5/18-alignment.qmd,1414,37,prose,Chapter 18,18,21,auto,@sec-18-alignment,,"adversarial learning, and diffusion. Chapter 18 changes the behavior of a"
chapters/part5/18-alignment.qmd,1415,11,prose,Chapter 19,19,22,auto,@sec-19-generative,,generator; Chapter 19 studies the machinery that makes generation possible.
chapters/part5/19-generative.qmd,414,30,prose,Chapter 4,4,4,auto,@sec-04-training-loss-sgd,,"license that justified SGD in Chapter 4). The KL that looks like ""one global term"" in"
chapters/part5/19-generative.qmd,477,9,prose,Chapter 18,18,21,auto,@sec-18-alignment,,Here the Chapter 18 distinction returns with a twist: the judge and generator both
chapters/part5/19-generative.qmd,886,76,prose,Chapter 12,12,14,auto,@sec-12-kernel-regression,,"$s^2$, and mixture weights $\pi_j$, the same normalized-weight machine from Chapter 12"
chapters/part5/20-multimodal.qmd,23,68,prose,Chapter 16,16,19,auto,@sec-16-vit-scaling,,We have learned vision and language in separate coordinate systems. Chapter 16 turned
chapters/part5/20-multimodal.qmd,24,28,prose,Chapters 14 and 15,14+15,16+18,auto,Chapters [-@sec-14-self-attention-transformer] and [-@sec-15-bert-pretraining],,an image into patch tokens. Chapters 14 and 15 turned text into contextual token
chapters/part5/20-multimodal.qmd,160,3,prose,Chapter 2,2,2,auto,@sec-02-logistic-softmax,,## Chapter 2 returns: scores become weights
chapters/part5/20-multimodal.qmd,191,0,prose,Chapter 12,12,14,auto,@sec-12-kernel-regression,,"Chapter 12 read temperature as bandwidth: for its Gaussian score,"
chapters/part5/20-multimodal.qmd,192,13,prose,Chapter 13,13,15,auto,@sec-13-attention,,$\tau=2h^2$. Chapter 13 learned the comparison itself while retaining a fixed
chapters/part5/20-multimodal.qmd,212,0,prose,Chapter 2,2,2,auto,@sec-02-logistic-softmax,,Chapter 2 introduced softmax as the **scores-to-weights machine**. Apply it across row
chapters/part5/20-multimodal.qmd,254,50,prose,Chapter 2,2,2,auto,@sec-02-logistic-softmax,,"Notice the exact reuse: @eq-image-text-softmax is Chapter 2's multiclass classifier,"
chapters/part5/20-multimodal.qmd,778,59,prose,Chapter 19,19,22,auto,@sec-19-generative,,over text tokens and no sampling distribution over images. Chapter 19 made the
chapters/part5/20-multimodal.qmd,816,0,prose,Chapter 17,17,20,auto,@sec-17-peft-quantization,,Chapter 17 used “zero-shot” for prompting a fixed language model without
chapters/part5/20-multimodal.qmd,893,12,prose,Chapter 2,2,2,auto,@sec-02-logistic-softmax,,matrix; and Chapter 2's scores-to-weights machine turns each row and column into a
index.qmd,67,23,prose,Chapter 6,6,6,manual,,inside link text,double descent met in [Chapter 6](chapters/part1/06-generalization-inductive-bias.qmd)
index.qmd,71,1,prose,Chapter 16,16,19,manual,,inside link text,[Chapter 16](chapters/part4/16-vit-scaling.qmd) fits and then qualifies. Accounting for
index.qmd,162,50,prose,Chapter 4,4,4,manual,,inside link text,3. **Estimator.** What does each batch estimate? [Chapter 4](chapters/part1/04-training-loss-sgd.qmd#sec-04-estimator-cases)
index.qmd,338,41,prose,Chapter 1,1,1,auto,@sec-01-linear-regression,,"### Rolling build · September 26, 2026 · Chapter 1 setup cell {.unnumbered .unlisted}"
index.qmd,340,0,prose,Chapter 1,1,1,auto,@sec-01-linear-regression,,Chapter 1's first code cell no longer displays the random-number generator it seeds.
index.qmd,345,41,prose,Chapter 1,1,1,auto,@sec-01-linear-regression,,"### Rolling build · September 26, 2026 · Chapter 1 footnotes {.unnumbered .unlisted}"
index.qmd,347,0,prose,Chapter 1,1,1,auto,@sec-01-linear-regression,,"Chapter 1's three footnotes, on bias augmentation, on why Gaussian noise is a reasonable"
index.qmd,353,50,prose,Chapters 1 to 7,1+7,1+8,manual,,range: rewrite in new numbers,"### Rolling build · September 25, 2026 · Preface, Chapters 1 to 7, and references {.unnumbered .unlisted}"
index.qmd,358,37,prose,Chapter 1,1,1,auto,@sec-01-linear-regression,,the five audit questions explicitly. Chapter 1 shows the gradient behind the normal
index.qmd,359,52,prose,Chapter 2,2,2,auto,@sec-02-logistic-softmax,,equations and reads the projection from both sides; Chapter 2 names the classification
index.qmd,361,0,prose,Chapter 3,3,3,auto,@sec-03-nonlinearity-mlp,,Chapter 3 reframes XOR's history around credit assignment and shows how depth folds
index.qmd,362,7,prose,Chapter 4,4,4,auto,@sec-04-training-loss-sgd,,space; Chapter 4 opens the two zones of SGD on their mechanism and derives momentum from
index.qmd,363,22,prose,Chapter 5,5,5,auto,@sec-05-backpropagation,,a ball with friction. Chapter 5 now develops backpropagation as a recursion on layer
index.qmd,366,58,prose,Chapter 9,9,10,auto,@sec-09-modern-cnns-transfer,,"arithmetic and in memory; its BatchNorm exercise moved to Chapter 9, where BatchNorm is"
index.qmd,367,12,prose,Chapter 6,6,6,auto,@sec-06-generalization-inductive-bias,,"introduced. Chapter 6 completes its two experiments into a two-by-two protocol,"
index.qmd,371,56,prose,Chapter 7,7,8,auto,@sec-07-filters-convolution,,learning: the training run inside the experiment cycle. Chapter 7 now states directly
index.qmd,378,12,prose,Chapter 14,14,16,auto,@sec-14-self-attention-transformer,,except that Chapter 14's training printout again matches the numbers its text reports;
index.qmd,383,0,prose,Chapter 11,11,13,auto,@sec-11-encoder-decoder,,Chapter 11 now includes a small probability tree showing how the best next token
index.qmd,449,27,prose,Chapter 14,14,16,auto,@sec-14-self-attention-transformer,,The canonical HTML repairs Chapter 14's Sources heading and gives every figure an
index.qmd,486,20,prose,Chapter 1,1,1,auto,@sec-01-linear-regression,,"reference, replaces Chapter 1's bias--variance cartoon with a seeded show-then-name"
index.qmd,488,0,prose,Chapter 6,6,6,auto,@sec-06-generalization-inductive-bias,,"Chapter 6, and bounds Chapter 18's alignment contract within a broader sociotechnical"
index.qmd,488,22,prose,Chapter 18,18,21,auto,@sec-18-alignment,,"Chapter 6, and bounds Chapter 18's alignment contract within a broader sociotechnical"
index.qmd,523,77,prose,Chapter 1–9,1+9,1+10,manual,,range: rewrite in new numbers,"interludes, the epilogue, and four just-in-time appendices. It also pins the Chapter 1–9"
index.qmd,524,19,prose,Chapter 10,10,12,auto,@sec-10-sequences-rnn,,"corpus used by the Chapter 10/14 language-model rematch, completes the figure-description"
